Date,High,Low,Open,Close,Volume,Adj Close
2014-01-02,2506.0,2451.0,2502.0,2469.0,765688.0,2047.471435546875
2014-01-03,2499.0,2452.25,2474.0,2480.0,421569.0,2056.593505859375
2014-01-06,2490.0,2443.949951171875,2477.0,2482.0,779115.0,2058.251953125
2014-01-07,2507.0,2468.0,2476.0,2503.0,812949.0,2075.666748046875
2014-01-08,2509.0,2464.0,2502.0,2471.0,785126.0,2049.130615234375
2014-01-09,2498.0,2463.0,2463.0,2471.0,474831.0,2049.130615234375
2014-01-10,2552.0,2490.0,2494.0,2552.0,1111269.0,2116.30078125
2014-01-13,2606.0,2555.0,2555.0,2599.0,776615.0,2155.2763671875
2014-01-14,2598.760009765625,2560.0,2579.0,2585.0,610085.0,2143.6669921875
2014-01-15,2613.0,2580.0,2590.0,2600.0,558184.0,2156.10595703125
2014-01-16,2603.60009765625,2575.0,2602.0,2597.0,603321.0,2153.6181640625
2014-01-17,2615.0,2575.0,2593.0,2581.0,653342.0,2140.349609375
2014-01-20,2593.0,2571.0,2574.0,2581.0,410798.0,2140.349609375
2014-01-21,2611.0,2548.0,2582.0,2553.0,969186.0,2117.130126953125
2014-01-22,2598.89990234375,2557.60009765625,2562.0,2568.0,694896.0,2129.569091796875
2014-01-23,2563.0,2513.0,2558.0,2521.0,751196.0,2090.593017578125
2014-01-24,2531.0,2480.0,2517.0,2486.0,552129.0,2061.568603515625
2014-01-27,2540.0,2466.0,2479.0,2478.0,1413632.0,2054.935302734375
2014-01-28,2574.889892578125,2483.0,2488.0,2548.0,1323820.0,2112.984130859375
2014-01-29,2590.0,2505.0,2556.0,2523.0,992750.0,2092.251953125
2014-01-30,2530.0,2479.0,2508.0,2520.0,467256.0,2089.76416015625
2014-01-31,2530.0,2462.0,2513.0,2501.0,532296.0,2074.00830078125
2014-02-03,2552.0,2454.0,2502.0,2455.0,847635.0,2035.8621826171875
2014-02-04,2496.0,2435.0,2464.0,2479.0,578810.0,2055.76416015625
2014-02-05,2528.0,2467.0,2480.0,2486.0,719261.0,2061.568603515625
2014-02-06,2543.0,2463.0,2490.0,2535.0,674423.0,2102.20361328125
2014-02-07,2581.0,2523.0,2541.0,2527.0,786861.0,2095.56884765625
2014-02-10,2549.0,2518.0,2532.0,2537.0,529631.0,2103.861572265625
2014-02-11,2570.0,2519.0,2535.0,2549.0,1031694.0,2113.8134765625
2014-02-12,2553.0,2512.0,2549.0,2522.0,707987.0,2091.422607421875
2014-02-13,2524.929931640625,2487.0,2519.0,2504.0,554904.0,2076.49560546875
2014-02-14,2530.0,2496.0,2501.0,2507.0,481903.0,2078.983642578125
2014-02-17,2523.0,2505.0,2505.0,2520.0,368780.0,2089.76416015625
2014-02-18,2527.0,2498.0,2522.0,2522.0,783320.0,2091.422607421875
2014-02-19,2495.0,2458.0,2461.0,2468.0,764936.0,2058.851318359375
2014-02-20,2461.0,2432.0,2456.0,2451.0,524741.0,2044.669189453125
2014-02-21,2470.0,2420.0,2465.0,2457.0,960565.0,2049.67529296875
2014-02-24,2489.0,2433.0,2452.0,2488.0,656018.0,2075.535888671875
2014-02-25,2502.0,2472.0,2490.0,2502.0,906967.0,2087.214599609375
2014-02-26,2518.0,2492.0,2505.0,2500.0,734706.0,2085.54638671875
2014-02-27,2514.0,2476.0,2492.0,2508.0,639406.0,2092.219970703125
2014-02-28,2521.0,2455.0,2506.0,2463.0,1269153.0,2054.68017578125
2014-03-03,2437.0,2358.0,2431.0,2382.0,1502417.0,1987.1085205078125
2014-03-04,2443.0,2394.0,2404.0,2435.0,722281.0,2031.322021484375
2014-03-05,2439.0,2391.0,2431.0,2392.0,731381.0,1995.45068359375
2014-03-06,2413.0,2359.0,2397.0,2375.0,1242231.0,1981.2681884765625
2014-03-07,2400.0,2367.0,2385.0,2396.0,1231292.0,1998.788330078125
2014-03-10,2413.0,2385.0,2395.0,2391.0,969016.0,1994.61669921875
2014-03-11,2404.0,2356.840087890625,2393.0,2391.0,837585.0,1994.61669921875
2014-03-12,2393.0,2362.0,2379.0,2387.0,728744.0,1991.279541015625
2014-03-13,2396.0,2346.0,2390.0,2347.0,1067989.0,1957.910888671875
2014-03-14,2371.0,2309.0,2321.0,2363.0,946127.0,1971.2581787109375
2014-03-17,2385.0,2359.0,2359.0,2381.0,735792.0,1986.2742919921875
2014-03-18,2466.0,2373.0,2377.0,2433.0,1035634.0,2029.6534423828125
2014-03-19,2434.0,2413.0,2434.0,2420.0,560084.0,2018.808837890625
2014-03-20,2450.0,2376.0,2403.0,2450.0,874680.0,2043.8350830078125
2014-03-21,2476.0,2430.0,2453.0,2464.0,1056349.0,2055.514404296875
2014-03-24,2481.0,2444.0,2453.0,2456.0,724240.0,2048.8408203125
2014-03-25,2510.0,2317.0,2462.0,2343.0,2876939.0,1954.5738525390625
2014-03-26,2375.0,2284.0,2358.0,2338.0,1641656.0,1950.40234375
2014-03-27,2338.0,2288.0,2336.0,2289.0,838660.0,1909.52587890625
2014-03-28,2314.0,2273.0,2293.0,2290.0,813795.0,1910.3604736328125
2014-03-31,2310.0,2280.0,2301.0,2284.0,740837.0,1905.3551025390625
2014-04-01,2324.0,2281.0,2287.0,2314.0,790833.0,1930.38134765625
2014-04-02,2326.0,2290.0,2316.0,2318.0,824457.0,1933.71826171875
2014-04-03,2356.0,2304.0,2315.0,2355.0,961383.0,1964.5849609375
2014-04-04,2399.0,2354.0,2357.0,2370.0,861121.0,1977.0980224609375
2014-04-07,2371.0,2326.0,2348.0,2350.0,721359.0,1960.4136962890625
2014-04-08,2361.0,2317.0,2343.0,2336.0,425312.0,1948.7344970703125
2014-04-09,2346.800048828125,2312.0,2340.0,2315.0,362852.0,1931.2158203125
2014-04-10,2340.0,2299.0,2320.0,2300.0,665005.0,1918.702392578125
2014-04-11,2287.0,2235.0,2276.0,2248.0,749091.0,1875.3231201171875
2014-04-14,2247.449951171875,2184.0,2237.0,2205.0,1395244.0,1839.451904296875
2014-04-15,2232.0,2188.0,2211.0,2194.0,754211.0,1830.2752685546875
2014-04-16,2217.550048828125,2189.0,2211.0,2205.0,552143.0,1839.451904296875
2014-04-17,2239.0,2200.949951171875,2204.0,2235.0,590484.0,1864.4783935546875
2014-04-22,2267.0,2234.0,2242.0,2265.0,439940.0,1889.5048828125
2014-04-23,2294.0,2261.0,2261.0,2293.0,929435.0,1912.86279296875
2014-04-24,2310.68994140625,2272.0,2291.0,2305.0,707613.0,1922.873779296875
2014-04-25,2325.89990234375,2284.22998046875,2304.0,2313.0,402197.0,1929.547119140625
2014-04-28,2326.0,2285.0,2314.0,2297.0,667987.0,1916.1995849609375
2014-04-29,2375.0,2312.0,2313.0,2370.0,717672.0,1977.0980224609375
2014-04-30,2374.0,2341.0,2353.0,2366.0,686560.0,1973.7611083984375
2014-05-01,2376.0,2345.0,2363.0,2357.0,381646.0,1966.253173828125
2014-05-02,2383.0,2340.0,2357.0,2377.0,690642.0,1982.9373779296875
2014-05-06,2421.0,2375.0,2379.0,2399.0,1239717.0,2001.2901611328125
2014-05-07,2406.0,2384.260009765625,2386.0,2399.0,659614.0,2001.2901611328125
2014-05-08,2413.0,2394.0,2394.0,2403.0,425725.0,2004.6273193359375
2014-05-09,2419.0,2388.0,2400.0,2399.0,358507.0,2001.2901611328125
2014-05-12,2432.0,2378.0,2394.0,2429.0,463693.0,2026.31640625
2014-05-13,2449.0,2414.5,2441.0,2419.0,319100.0,2017.974365234375
2014-05-14,2433.0,2389.0,2420.0,2390.0,434974.0,1993.7813720703125
2014-05-15,2410.0,2334.77001953125,2395.0,2341.0,714258.0,1952.9051513671875
2014-05-16,2351.0,2292.0,2346.0,2295.0,1115880.0,1914.5311279296875
2014-05-19,2325.0,2281.0,2305.0,2302.0,890315.0,1920.370849609375
2014-05-20,2420.0,2340.0,2340.0,2380.0,835495.0,1985.4403076171875
2014-05-21,2404.0,2348.0,2372.0,2378.0,812862.0,1996.2880859375
2014-05-22,2408.0,2373.0,2380.0,2402.0,337126.0,2016.434814453125
2014-05-23,2407.0,2383.0,2402.0,2399.0,592852.0,2013.9168701171875
2014-05-27,2437.0,2410.0,2418.0,2417.0,330048.0,2029.0277099609375
2014-05-28,2422.0,2389.0,2422.0,2393.0,369152.0,2008.88037109375
2014-05-29,2407.0,2385.0,2396.0,2399.0,350536.0,2013.9168701171875
2014-05-30,2430.0,2388.0,2396.0,2425.0,544688.0,2035.7437744140625
2014-06-02,2446.0,2418.0,2434.0,2420.0,381838.0,2031.5457763671875
2014-06-03,2432.0,2404.0,2417.0,2428.0,825746.0,2038.2615966796875
2014-06-04,2430.0,2409.0,2415.0,2430.0,437285.0,2039.940673828125
2014-06-05,2431.0,2397.0,2430.0,2430.0,645045.0,2039.940673828125
2014-06-06,2466.0,2436.0,2441.0,2462.0,996316.0,2066.803955078125
2014-06-09,2486.0,2455.0,2470.0,2479.0,906201.0,2081.075439453125
2014-06-10,2483.0,2435.0,2474.0,2465.0,662788.0,2069.322509765625
2014-06-11,2470.0,2440.0,2465.0,2453.0,524873.0,2059.24853515625
2014-06-12,2464.0,2404.0,2449.0,2414.0,573168.0,2026.5089111328125
2014-06-13,2415.0,2340.0,2415.0,2354.0,1127306.0,1976.1397705078125
2014-06-16,2357.0,2306.0,2348.0,2307.0,1098068.0,1936.6839599609375
2014-06-17,2325.0,2276.050048828125,2307.0,2292.0,1282844.0,1924.0924072265625
2014-06-18,2313.0,2273.0,2304.0,2273.0,1174406.0,1908.1422119140625
2014-06-19,2293.0,2269.0,2292.0,2269.0,1229454.0,1904.7841796875
2014-06-20,2317.639892578125,2270.0,2270.0,2299.0,1390539.0,1929.96875
2014-06-23,2323.0,2258.0,2300.0,2313.0,1041289.0,1941.7213134765625
2014-06-24,2363.0,2246.0,2321.0,2276.0,1859972.0,1910.66064453125
2014-06-25,2260.0,2208.0,2256.0,2227.0,1311555.0,1869.526123046875
2014-06-26,2240.0,2209.0,2237.0,2212.0,1209231.0,1856.9339599609375
2014-06-27,2230.0,2199.0,2226.0,2224.0,825506.0,1867.0074462890625
2014-06-30,2245.0,2196.0,2225.0,2208.0,642397.0,1853.57568359375
2014-07-01,2224.0,2188.0,2213.0,2200.0,589611.0,1846.8603515625
2014-07-02,2217.0,2194.800048828125,2205.0,2202.0,754955.0,1848.5389404296875
2014-07-03,2222.0,2185.0,2204.0,2218.0,766792.0,1861.9705810546875
2014-07-04,2240.0,2214.0,2214.0,2228.0,337133.0,1870.365966796875
2014-07-07,2236.0,2210.0,2235.0,2213.0,776231.0,1857.773193359375
2014-07-08,2216.0,2180.0,2210.0,2181.0,912559.0,1830.91015625
2014-07-09,2192.0,2148.0,2189.0,2154.0,918982.0,1808.243896484375
2014-07-10,2158.800048828125,2102.0,2151.0,2117.0,1279433.0,1777.1827392578125
2014-07-11,2133.0,2102.0,2122.0,2119.0,748257.0,1778.86181640625
2014-07-14,2146.0,2122.0,2122.0,2136.0,691588.0,1793.13330078125
2014-07-15,2141.0,2125.860107421875,2132.0,2136.0,1525009.0,1793.13330078125
2014-07-16,2153.0,2133.0,2141.0,2145.0,1169545.0,1800.688232421875
2014-07-17,2146.0,2112.0,2146.0,2120.0,424757.0,1779.7015380859375
2014-07-18,2139.0,2093.0,2109.0,2139.0,414211.0,1795.65185546875
2014-07-21,2140.0,2098.0,2139.0,2098.0,397092.0,1761.2325439453125
2014-07-22,2137.0,2114.0,2115.0,2132.0,723141.0,1789.775390625
2014-07-23,2142.0,2120.0,2129.0,2133.0,436587.0,1790.6141357421875
2014-07-24,2192.0,2114.0,2132.0,2183.0,1371449.0,1832.5885009765625
2014-07-25,2183.56005859375,2140.0,2183.0,2149.0,779682.0,1804.0460205078125
2014-07-28,2155.699951171875,2108.0,2151.0,2128.0,794400.0,1786.4173583984375
2014-07-29,2143.31005859375,2121.0,2123.0,2127.0,422758.0,1785.5777587890625
2014-07-30,2161.669921875,2127.0,2131.0,2155.0,863139.0,1809.0836181640625
2014-07-31,2158.0,2134.0,2156.0,2147.0,720381.0,1802.367431640625
2014-08-01,2155.0,2106.0,2150.0,2146.0,746794.0,1801.5279541015625
2014-08-04,2151.0,2110.0,2150.0,2115.0,871237.0,1775.50390625
2014-08-05,2127.0,2089.0,2122.0,2090.0,965196.0,1754.5167236328125
2014-08-06,2142.0,2085.0,2085.0,2135.0,929197.0,1792.293701171875
2014-08-07,2222.0,2152.0,2156.0,2177.0,1145077.0,1827.5516357421875
2014-08-08,2173.0,2130.0,2150.0,2150.0,913683.0,1804.8857421875
2014-08-11,2200.0,2155.110107421875,2161.0,2191.0,842774.0,1839.3048095703125
2014-08-12,2222.0,2185.0,2196.0,2211.0,711617.0,1856.09423828125
2014-08-13,2235.0,2212.0,2220.0,2222.0,449137.0,1865.328369140625
2014-08-14,2247.0,2214.280029296875,2231.0,2234.0,483286.0,1875.40234375
2014-08-15,2262.0,2236.0,2240.0,2239.0,575417.0,1879.599365234375
2014-08-18,2279.0,2252.0,2252.0,2279.0,525150.0,1913.1787109375
2014-08-19,2316.0,2276.0,2297.0,2296.0,764187.0,1927.4503173828125
2014-08-20,2285.0,2260.0,2277.0,2275.0,445774.0,1922.47998046875
2014-08-21,2314.0,2272.0,2284.0,2292.0,501488.0,1936.8460693359375
2014-08-22,2306.0,2276.0,2293.0,2291.0,463882.0,1936.0010986328125
2014-08-26,2311.0,2285.0,2307.0,2300.0,452931.0,1943.6064453125
2014-08-27,2306.60009765625,2280.050048828125,2296.0,2283.0,561895.0,1929.2403564453125
2014-08-28,2284.0,2235.0,2278.0,2235.0,822026.0,1888.6778564453125
2014-08-29,2246.0,2225.0,2244.0,2246.0,663107.0,1897.973876953125
2014-09-01,2269.0,2246.0,2246.0,2260.0,262872.0,1909.8043212890625
2014-09-02,2278.0,2253.0,2265.0,2266.0,1064830.0,1914.8748779296875
2014-09-03,2301.0,2270.0,2270.0,2290.0,683715.0,1935.1553955078125
2014-09-04,2359.0,2282.0,2282.0,2358.0,853936.0,1992.61865234375
2014-09-05,2379.0,2345.0,2346.0,2374.0,807639.0,2006.139404296875
2014-09-08,2392.0,2360.0,2363.0,2388.0,774683.0,2017.9705810546875
2014-09-09,2408.0,2378.0,2393.0,2393.0,650592.0,2022.19580078125
2014-09-10,2380.0,2346.0,2380.0,2376.0,579437.0,2007.8292236328125
2014-09-11,2391.0,2348.0,2384.0,2375.0,574132.0,2006.984619140625
2014-09-12,2402.0,2373.0,2375.0,2383.0,491481.0,2013.7447509765625
2014-09-15,2386.0,2360.0,2377.0,2382.0,1578147.0,2012.900146484375
2014-09-16,2390.35009765625,2365.0,2375.0,2388.0,657007.0,2017.9705810546875
2014-09-17,2405.0,2371.0,2390.0,2400.0,385518.0,2028.111083984375
2014-09-18,2425.0,2381.0,2401.0,2425.0,680172.0,2049.2373046875
2014-09-19,2487.0,2435.0,2437.0,2470.0,1198355.0,2087.263427734375
2014-09-22,2460.0,2432.0,2458.0,2437.0,819915.0,2059.377197265625
2014-09-23,2556.0,2392.0,2437.0,2443.0,2434727.0,2064.4482421875
2014-09-24,2479.0,2418.0,2470.0,2451.0,1240252.0,2071.207763671875
2014-09-25,2503.0,2455.0,2459.0,2475.0,716925.0,2091.489501953125
2014-09-26,2479.0,2439.0,2465.0,2474.0,704194.0,2090.644287109375
2014-09-29,2502.0,2464.0,2479.0,2477.0,707333.0,2093.179443359375
2014-09-30,2480.0,2453.0,2480.0,2464.0,686034.0,2082.193359375
2014-10-01,2493.0,2415.0,2464.0,2415.0,848025.0,2040.7864990234375
2014-10-02,2425.0,2341.0,2415.0,2343.0,1096067.0,1979.9432373046875
2014-10-03,2445.0,2353.0,2353.0,2444.0,930891.0,2065.29248046875
2014-10-06,2498.0,2424.0,2439.0,2495.0,1216128.0,2108.390625
2014-10-07,2478.0,2327.0,2477.0,2328.0,1635563.0,1967.267578125
2014-10-08,2324.0,2267.0,2308.0,2299.0,1533119.0,1942.7613525390625
2014-10-09,2325.0,2259.0,2316.0,2268.0,932636.0,1916.5648193359375
2014-10-10,2220.0,2185.0,2210.0,2207.0,1272785.0,1865.0166015625
2014-10-13,2233.0,2143.0,2181.0,2155.0,1650731.0,1821.07470703125
2014-10-14,2221.0,2117.0,2132.0,2213.0,1429692.0,1870.0869140625
2014-10-15,2275.0,2137.0,2219.0,2199.0,2952094.0,1858.25634765625
2014-10-16,2218.0,2117.0,2213.0,2194.0,1815444.0,1854.0313720703125
2014-10-17,2230.0,2093.0,2198.0,2214.0,3000075.0,1870.932373046875
2014-10-20,2256.0,2170.0,2212.0,2246.0,1236405.0,1897.973876953125
2014-10-21,2350.0,2230.0,2231.0,2347.0,1485999.0,1983.3231201171875
2014-10-22,2370.0,2324.0,2365.0,2369.0,978888.0,2001.9139404296875
2014-10-23,2374.0,2330.0,2351.0,2352.0,916188.0,1987.5489501953125
2014-10-24,2354.0,2316.0,2345.0,2349.0,775899.0,1985.0135498046875
2014-10-27,2405.0,2353.0,2382.0,2363.0,554830.0,1996.8438720703125
2014-10-28,2395.0,2366.0,2383.0,2381.0,668055.0,2012.0548095703125
2014-10-29,2438.0,2384.0,2389.0,2423.0,656877.0,2047.547607421875
2014-10-30,2470.0,2387.0,2435.0,2467.0,799069.0,2084.72900390625
2014-10-31,2515.0,2477.0,2496.0,2488.0,906542.0,2102.474853515625
2014-11-03,2516.0,2485.0,2488.0,2516.0,728060.0,2126.13623046875
2014-11-04,2522.0,2481.0,2512.0,2485.0,713420.0,2099.939453125
2014-11-05,2523.0,2489.0,2498.0,2506.0,506652.0,2117.68603515625
2014-11-06,2535.0,2486.0,2504.0,2531.0,617150.0,2138.81201171875
2014-11-07,2551.0,2479.0,2541.0,2498.0,1017513.0,2110.92578125
2014-11-10,2524.0,2495.050048828125,2508.0,2520.0,644288.0,2129.516845703125
2014-11-11,2564.0,2517.0,2523.0,2556.0,714613.0,2159.937744140625
2014-11-12,2559.0,2527.0,2543.0,2536.0,541099.0,2143.036865234375
2014-11-13,2614.0,2543.0,2549.0,2606.0,1517287.0,2202.190185546875
2014-11-14,2617.0,2579.0,2610.0,2600.0,949940.0,2197.119873046875
2014-11-17,2647.0,2594.0,2594.0,2632.0,573441.0,2224.1611328125
2014-11-18,2673.0,2633.0,2640.0,2664.0,865078.0,2251.203369140625
2014-11-19,2688.0,2641.0,2681.0,2650.0,516891.0,2239.372314453125
2014-11-20,2653.0,2608.919921875,2628.0,2638.0,509908.0,2242.701171875
2014-11-21,2658.969970703125,2617.0,2653.0,2617.0,1206797.0,2224.848388671875
2014-11-24,2670.0,2624.0,2631.0,2664.0,679784.0,2264.805419921875
2014-11-25,2694.0,2654.0,2664.0,2667.0,576966.0,2267.35595703125
2014-11-26,2690.0,2639.0,2679.0,2639.0,358999.0,2243.551513671875
2014-11-27,2708.0,2635.0,2650.0,2697.0,817312.0,2292.85986328125
2014-11-28,2825.0,2706.0,2708.0,2820.0,1699823.0,2397.4287109375
2014-12-01,2843.0,2674.0,2816.0,2692.0,1328055.0,2288.609130859375
2014-12-02,2773.31005859375,2696.0,2709.0,2729.0,739250.0,2320.06494140625
2014-12-03,2739.0,2697.0,2720.0,2718.0,994522.0,2310.713134765625
2014-12-04,2770.0,2718.0,2729.0,2730.0,582572.0,2320.915283203125
2014-12-05,2829.0,2761.0,2768.0,2805.0,1257832.0,2384.676025390625
2014-12-08,2849.0,2779.340087890625,2801.0,2803.0,751038.0,2382.97607421875
2014-12-09,2793.0,2707.0,2793.0,2719.0,919481.0,2311.56298828125
2014-12-10,2830.0,2733.0,2761.0,2744.0,900087.0,2332.8173828125
2014-12-11,2797.0,2730.0,2742.0,2789.0,690442.0,2371.07373046875
2014-12-12,2784.0,2715.0,2762.0,2719.0,994139.0,2311.56298828125
2014-12-15,2770.0,2717.0,2731.0,2717.0,773868.0,2309.862548828125
2014-12-16,2780.0,2696.0,2729.0,2770.0,1380955.0,2354.920654296875
2014-12-17,2815.0,2719.0,2758.0,2801.0,1182566.0,2381.275390625
2014-12-18,2842.60009765625,2792.0,2838.0,2813.0,1188023.0,2391.4775390625
2014-12-19,2866.0,2745.0,2829.0,2810.0,1742401.0,2388.92724609375
2014-12-22,2832.0,2802.0,2814.0,2823.0,1187154.0,2399.979736328125
2014-12-23,2853.0,2813.0,2831.0,2843.0,1244911.0,2416.982421875
2014-12-29,2930.0,2871.0,2876.0,2930.0,991785.0,2490.945068359375
2014-12-30,2950.0,2903.0,2927.0,2912.0,518047.0,2475.642822265625
2015-01-02,2959.0,2909.0,2934.0,2930.0,472190.0,2490.945068359375
2015-01-05,3039.0,2915.0,2925.0,2980.0,1798684.0,2533.452880859375
2015-01-06,2996.0,2912.0,2979.0,2964.0,1110930.0,2519.8505859375
2015-01-07,3016.0,2970.0,2984.0,3003.0,1493217.0,2553.0068359375
2015-01-08,3057.0,2985.0,3020.0,3048.0,1280828.0,2591.26318359375
2015-01-09,3060.0,2998.0,3044.0,3016.0,727078.0,2564.05859375
2015-01-12,3102.0,3044.0,3046.0,3063.0,1083516.0,2604.015869140625
2015-01-13,3094.0,3040.0,3049.0,3053.0,738620.0,2595.513916015625
2015-01-14,3069.0,2987.0,3023.0,3001.0,843475.0,2551.306640625
2015-01-15,3022.0,2937.0,3007.0,3007.0,992004.0,2556.406982421875
2015-01-16,3016.0,2957.0,2985.0,2990.0,1216514.0,2541.95458984375
2015-01-19,3027.0,2984.0,2989.0,3020.0,359357.0,2567.458984375
2015-01-20,3042.0,3004.0,3028.0,3016.0,921040.0,2564.05859375
2015-01-21,3055.0,3005.0,3012.0,3055.0,968283.0,2597.21484375
2015-01-22,3093.0,3024.0,3059.0,3088.0,1833208.0,2625.26953125
2015-01-23,3153.0,3096.0,3102.0,3126.0,666009.0,2657.5751953125
2015-01-26,3152.0,3097.0,3113.0,3110.0,501919.0,2643.972412109375
2015-01-27,3126.0,3049.0,3105.0,3070.0,795569.0,2609.966552734375
2015-01-28,3114.0,3045.0,3090.0,3068.0,719070.0,2608.266357421875
2015-01-29,3085.0,2942.0,3035.0,3000.0,1807637.0,2550.456298828125
2015-01-30,3034.0,2990.0,3006.0,2997.0,874187.0,2547.90576171875
2015-02-02,3008.0,2885.0,2998.0,2921.0,1158832.0,2483.294189453125
2015-02-03,2941.0,2893.0,2919.0,2934.0,902636.0,2494.345703125
2015-02-04,2930.0,2844.0,2921.0,2921.0,996122.0,2483.294189453125
2015-02-05,2955.0,2890.0,2909.0,2908.0,597659.0,2472.242431640625
2015-02-06,2907.0,2870.0,2891.0,2905.0,424879.0,2469.691650390625
2015-02-09,2899.0,2858.0,2886.0,2882.0,624977.0,2450.137939453125
2015-02-10,2921.0,2869.0,2872.0,2911.0,1330631.0,2474.792236328125
2015-02-11,2934.0,2906.0,2923.0,2920.0,1025140.0,2482.44384765625
2015-02-12,2964.0,2878.0,2924.0,2963.0,832089.0,2519.00048828125
2015-02-13,2942.0,2893.0,2939.0,2900.0,1086749.0,2465.441162109375
2015-02-16,2897.0,2852.0,2889.0,2872.0,385488.0,2441.636474609375
2015-02-17,2900.0,2837.0,2878.0,2899.0,714556.0,2464.590576171875
2015-02-18,2953.0,2898.0,2898.0,2947.0,904060.0,2505.3974609375
2015-02-19,2986.0,2925.0,2930.0,2942.0,853916.0,2514.998046875
2015-02-20,2929.0,2867.0,2929.0,2875.0,873120.0,2457.721923828125
2015-02-23,2926.0,2869.0,2895.0,2898.0,992359.0,2477.38427734375
2015-02-24,2934.0,2884.0,2912.0,2896.0,685104.0,2475.674560546875
2015-02-25,2926.0,2893.60009765625,2901.0,2910.0,745543.0,2487.641845703125
2015-02-26,2918.0,2883.0,2904.0,2917.0,899753.0,2493.626708984375
2015-02-27,2929.0,2895.0,2911.0,2922.0,507910.0,2497.900634765625
2015-03-02,2986.0,2915.0,2928.0,2976.0,957151.0,2544.063232421875
2015-03-03,3036.0,2950.0,2990.0,2950.0,1292394.0,2521.836669921875
2015-03-04,2989.0,2936.0,2960.0,2984.0,812877.0,2550.902099609375
2015-03-05,3056.0,2985.0,3001.0,3038.0,920500.0,2597.064697265625
2015-03-06,3072.0,3027.0,3038.0,3032.0,699850.0,2591.935791015625
2015-03-09,3038.0,3007.0,3025.0,3035.0,507955.0,2594.499755859375
2015-03-10,3076.0,3008.0,3026.0,3012.0,996705.0,2574.837890625
2015-03-11,3044.0,2998.0,3009.0,3030.0,864922.0,2590.224853515625
2015-03-12,3103.0,3033.0,3033.0,3097.0,1243737.0,2647.50146484375
2015-03-13,3146.0,3101.0,3109.0,3131.0,770920.0,2676.5654296875
2015-03-16,3200.0,3136.0,3139.0,3194.0,1130030.0,2730.42236328125
2015-03-17,3198.0,3152.0,3190.0,3160.0,731988.0,2701.357421875
2015-03-18,3196.0,3147.0,3147.0,3195.0,672904.0,2731.277587890625
2015-03-19,3229.0,3154.0,3174.0,3200.0,1127151.0,2735.5517578125
2015-03-20,3236.0,3189.0,3222.0,3201.0,1102547.0,2736.40625
2015-03-23,3189.0,3103.0,3189.0,3151.0,995384.0,2693.66357421875
2015-03-24,3160.0,3109.0,3126.0,3110.0,954573.0,2658.614013671875
2015-03-25,3123.0,3042.0,3106.0,3045.0,717225.0,2603.048095703125
2015-03-26,3027.0,2959.0,3015.0,3024.0,990049.0,2585.0966796875
2015-03-27,3248.0,2977.0,3017.0,3241.0,2043601.0,2770.60107421875
2015-03-30,3336.0,3235.0,3275.0,3274.0,1285881.0,2798.811279296875
2015-03-31,3353.0,3272.0,3277.0,3296.0,1146125.0,2817.618896484375
2015-04-01,3343.0,3258.0,3287.0,3258.0,1033231.0,2785.13330078125
2015-04-02,3316.0,3240.0,3261.0,3310.0,746678.0,2829.5859375
2015-04-07,3362.0,3237.0,3241.0,3357.0,872068.0,2869.764892578125
2015-04-08,3370.0,3320.0,3333.0,3324.0,659021.0,2841.55419921875
2015-04-09,3376.0,3329.0,3345.0,3339.0,613307.0,2854.37744140625
2015-04-10,3381.0,3324.0,3324.0,3370.0,641810.0,2880.877685546875
2015-04-13,3375.0,3332.0,3358.0,3354.0,419851.0,2867.200439453125
2015-04-14,3358.0,3281.0,3343.0,3296.0,475535.0,2817.618896484375
2015-04-15,3306.0,3259.0,3296.0,3259.0,637316.0,2785.98828125
2015-04-16,3270.0,3189.0,3267.0,3232.0,601461.0,2762.906982421875
2015-04-17,3246.0,3176.0,3228.0,3217.0,713731.0,2750.084228515625
2015-04-20,3259.0,3140.0,3226.0,3189.0,1448109.0,2726.14794921875
2015-04-21,3234.0,3174.0,3194.0,3188.0,1093972.0,2725.293701171875
2015-04-22,3215.0,3148.0,3198.0,3174.0,618093.0,2713.3251953125
2015-04-23,3189.0,3144.0,3187.0,3150.0,769548.0,2692.808349609375
2015-04-24,3166.0,3123.0,3146.0,3148.0,969768.0,2691.099853515625
2015-04-27,3189.0,3134.0,3159.0,3158.0,574251.0,2699.6474609375
2015-04-28,3144.0,3026.0,3144.0,3056.0,814518.0,2612.45166015625
2015-04-29,3084.0,2961.0,3054.0,2964.0,1045055.0,2533.804931640625
2015-04-30,3005.10009765625,2940.0,2967.0,2989.0,1065088.0,2555.17626953125
2015-05-01,3016.0,2933.89990234375,2974.0,3008.0,522073.0,2571.418701171875
2015-05-05,3036.0,2941.0,3036.0,2941.0,936653.0,2514.142822265625
2015-05-06,2957.0,2899.0,2923.0,2903.0,1162182.0,2481.658447265625
2015-05-07,3015.0,2890.0,2913.0,3011.0,1373071.0,2573.982666015625
2015-05-08,3110.0,3017.0,3069.0,3093.0,1419210.0,2644.08154296875
2015-05-11,3125.0,3081.0,3087.0,3092.0,1096009.0,2643.226318359375
2015-05-12,3083.0,3013.0,3080.0,3021.0,702913.0,2582.53173828125
2015-05-13,3076.39990234375,3019.0,3037.0,3034.0,643919.0,2593.644775390625
2015-05-14,3079.0,2981.0,3014.0,3077.0,803810.0,2630.403564453125
2015-05-15,3164.0,3084.0,3093.0,3147.0,1386084.0,2690.24365234375
2015-05-18,3182.0,3131.0,3147.0,3171.0,543852.0,2710.760986328125
2015-05-19,3216.0,3169.0,3172.0,3214.0,1004689.0,2747.519775390625
2015-05-20,3235.0,3192.0,3215.0,3201.0,815678.0,2736.40625
2015-05-21,3191.699951171875,3128.0,3185.0,3141.0,799869.0,2698.97705078125
2015-05-22,3163.0,3128.0,3150.0,3142.0,959379.0,2699.836181640625
2015-05-26,3189.0,3147.0,3162.0,3181.0,912036.0,2733.34814453125
2015-05-27,3231.0,3171.0,3171.0,3224.0,697462.0,2770.296875
2015-05-28,3250.0,3198.0,3221.0,3210.0,510147.0,2758.26708984375
2015-05-29,3226.0,3160.0,3216.0,3167.0,677526.0,2721.318115234375
2015-06-01,3201.0,3154.0,3173.0,3166.0,548397.0,2720.458984375
2015-06-02,3200.0,3147.89990234375,3191.0,3190.0,718184.0,2741.081298828125
2015-06-03,3246.0,3190.0,3203.0,3228.0,982331.0,2773.734130859375
2015-06-04,3244.0,3186.0,3230.0,3203.0,689106.0,2752.252197265625
2015-06-05,3230.0,3186.0,3208.0,3203.0,818722.0,2752.252197265625
2015-06-08,3214.0,3180.0,3194.0,3186.0,713842.0,2737.644775390625
2015-06-09,3199.0,3161.0,3183.0,3164.0,569676.0,2718.740966796875
2015-06-10,3186.0,3142.0,3163.0,3169.0,857611.0,2723.037109375
2015-06-11,3178.0,3129.0,3150.0,3171.0,578587.0,2724.755859375
2015-06-12,3180.0,3133.0,3173.0,3146.0,582875.0,2703.27392578125
2015-06-15,3132.0,3098.60009765625,3130.0,3108.0,494325.0,2670.62109375
2015-06-16,3120.0,3074.0,3104.0,3108.0,407569.0,2670.62109375
2015-06-17,3123.0,3063.0,3121.0,3082.0,709717.0,2648.2802734375
2015-06-18,3132.0,3045.0,3071.0,3124.0,790731.0,2684.3701171875
2015-06-19,3176.0,3119.3798828125,3123.0,3168.0,907460.0,2722.177490234375
2015-06-22,3335.0,3239.0,3252.0,3288.0,2227452.0,2825.290771484375
2015-06-23,3367.0,3246.0,3313.0,3258.0,1374440.0,2799.511962890625
2015-06-24,3364.0,3260.0,3260.0,3344.0,1702170.0,2873.409423828125
2015-06-25,3366.0,3310.0,3315.0,3343.0,1234150.0,2872.55078125
2015-06-26,3371.0,3315.0,3316.0,3352.0,1014350.0,2880.283447265625
2015-06-29,3326.0,3266.0,3304.0,3294.0,1049402.0,2830.44580078125
2015-06-30,3284.0,3235.0,3274.0,3249.0,853546.0,2791.77880859375
2015-07-01,3329.0,3266.0,3266.0,3313.0,790974.0,2846.77197265625
2015-07-02,3327.0,3303.0,3303.0,3316.0,531082.0,2849.349853515625
2015-07-03,3325.0,3295.0,3314.0,3310.0,316292.0,2844.1943359375
2015-07-06,3325.0,3276.0,3283.0,3312.0,532765.0,2845.912841796875
2015-07-07,3324.0,3272.89990234375,3306.0,3290.0,949851.0,2827.0087890625
2015-07-08,3351.0,3287.0,3288.0,3336.0,749008.0,2866.53564453125
2015-07-09,3375.0,3316.0,3322.0,3360.0,1721127.0,2887.158203125
2015-07-10,3399.0,3369.0,3399.0,3389.0,597878.0,2912.077392578125
2015-07-13,3479.0,3407.969970703125,3409.0,3473.0,748052.0,2984.256103515625
2015-07-14,3511.0,3460.0,3491.0,3486.0,835464.0,2995.426513671875
2015-07-15,3504.0,3464.0,3480.0,3470.0,722011.0,2981.6787109375
2015-07-16,3504.0,3453.0,3475.0,3478.0,814629.0,2988.552490234375
2015-07-17,3507.5,3478.0,3478.0,3485.0,738098.0,2994.56689453125
2015-07-20,3514.0,3480.0,3483.0,3484.0,679287.0,2993.708251953125
2015-07-21,3522.0,3464.89990234375,3497.0,3476.0,575513.0,2986.834228515625
2015-07-22,3494.0,3450.0,3450.0,3473.0,453045.0,2984.256103515625
2015-07-23,3512.0,3465.0,3507.0,3493.0,573765.0,3001.441650390625
2015-07-24,3487.0,3401.0,3472.0,3405.0,637661.0,2925.8251953125
2015-07-27,3412.0,3341.0,3388.0,3350.0,628075.0,2878.565673828125
2015-07-28,3377.0,3345.0,3375.0,3361.0,532890.0,2888.017333984375
2015-07-29,3436.0,3380.0,3381.0,3433.0,515458.0,2949.885009765625
2015-07-30,3455.0,3359.0,3430.0,3376.0,659086.0,2900.90673828125
2015-07-31,3569.0,3379.0,3388.0,3552.0,1266859.0,3052.138916015625
2015-08-03,3546.0,3486.0,3542.0,3492.0,605910.0,3000.582275390625
2015-08-04,3519.0,3464.0,3490.0,3489.0,405946.0,2998.004150390625
2015-08-05,3523.0,3463.0,3473.0,3521.0,333149.0,3025.501953125
2015-08-06,3556.0,3499.75,3521.0,3500.0,446793.0,3007.456298828125
2015-08-07,3528.0,3479.6201171875,3495.0,3485.0,583069.0,2994.56689453125
2015-08-10,3576.0,3488.0,3516.0,3524.0,752647.0,3028.07861328125
2015-08-11,3526.18994140625,3448.0,3512.0,3480.0,799107.0,2990.27099609375
2015-08-12,3470.0,3402.0,3456.0,3426.0,777206.0,2943.86962890625
2015-08-13,3489.0,3433.0,3462.0,3484.0,646845.0,2993.708251953125
2015-08-14,3502.10009765625,3459.0,3500.0,3470.0,488309.0,2981.6787109375
2015-08-17,3519.0,3472.47998046875,3500.0,3509.0,423538.0,3015.1904296875
2015-08-18,3527.0,3484.0,3520.0,3497.0,364595.0,3004.87841796875
2015-08-19,3483.0,3447.0,3473.0,3450.0,319650.0,2964.492919921875
2015-08-20,3434.199951171875,3353.0,3419.0,3358.0,740338.0,2901.875732421875
2015-08-21,3328.0,3209.0,3315.0,3209.0,782339.0,2773.114013671875
2015-08-24,3194.89990234375,2974.0,3121.0,3092.0,1428395.0,2672.006591796875
2015-08-25,3224.0,3102.0,3135.0,3198.0,937615.0,2763.6083984375
2015-08-26,3279.0,3158.0,3181.0,3189.0,1307407.0,2755.831298828125
2015-08-27,3332.0,3248.0,3273.0,3318.0,963102.0,2867.308349609375
2015-08-28,3320.0,3271.0,3316.0,3320.0,667836.0,2869.03662109375
2015-09-01,3333.0,3233.0,3268.0,3246.0,862561.0,2805.088623046875
2015-09-02,3308.0,3252.0,3252.0,3292.0,548927.0,2844.84033203125
2015-09-03,3395.0,3334.0,3334.0,3383.0,592089.0,2923.479736328125
2015-09-04,3359.0,3315.0,3344.0,3327.0,726311.0,2875.086669921875
2015-09-07,3382.0,3317.0,3366.0,3326.0,222960.0,2874.2216796875
2015-09-08,3383.0,3329.0,3333.0,3342.0,627253.0,2888.04833984375
2015-09-09,3422.0,3384.0,3413.0,3407.0,629789.0,2944.219970703125
2015-09-10,3422.0,3361.0,3391.0,3374.0,556691.0,2915.701416015625
2015-09-11,3417.0,3366.0,3387.0,3385.0,485352.0,2925.207763671875
2015-09-14,3451.0,3380.0,3405.0,3420.0,659658.0,2955.453369140625
2015-09-15,3432.0,3393.0,3425.0,3415.0,638234.0,2951.1328125
2015-09-16,3504.0,3436.0,3449.0,3492.0,751461.0,3017.674072265625
2015-09-17,3508.0,3473.0,3501.0,3494.0,561499.0,3019.40185546875
2015-09-18,3504.0,3422.0,3479.0,3460.0,794060.0,2990.02099609375
2015-09-21,3513.0,3458.0,3475.0,3506.0,589681.0,3029.77197265625
2015-09-22,3528.0,3328.0,3523.0,3333.0,1306883.0,2880.271484375
2015-09-23,3485.0,3276.0,3297.0,3467.0,851583.0,2996.0693359375
2015-09-24,3500.0,3397.0,3478.0,3404.0,753013.0,2941.626708984375
2015-09-25,3503.0,3456.0,3456.0,3481.0,522136.0,3008.16748046875
2015-09-28,3457.0,3369.0,3451.0,3371.0,810083.0,2913.109619140625
2015-09-29,3378.0,3301.239990234375,3327.0,3312.0,585643.0,2862.12353515625
2015-09-30,3440.0,3328.929931640625,3388.0,3423.0,816471.0,2958.046142578125
2015-10-01,3484.0,3401.0,3461.0,3414.0,743121.0,2950.268798828125
2015-10-02,3497.0,3324.0,3424.0,3367.0,817910.0,2909.652099609375
2015-10-05,3470.0,3412.0,3431.0,3440.0,611156.0,2972.737060546875
2015-10-06,3491.0,3441.0,3460.0,3443.0,451447.0,2975.3291015625
2015-10-07,3394.0,3278.0,3387.0,3285.0,1402342.0,2838.790283203125
2015-10-08,3345.0,3291.0,3291.0,3335.0,558835.0,2881.99951171875
2015-10-09,3354.0,3263.0,3345.0,3306.0,929947.0,2856.938720703125
2015-10-12,3341.0,3266.0,3304.0,3334.0,605782.0,2881.13525390625
2015-10-13,3402.0,3326.0,3365.0,3390.0,613952.0,2929.528564453125
2015-10-14,3375.669921875,3297.0,3375.0,3301.0,613423.0,2852.617431640625
2015-10-15,3357.0,3259.0,3306.0,3357.0,745783.0,2901.011474609375
2015-10-16,3414.0,3351.0,3376.0,3395.0,670501.0,2933.849609375
2015-10-19,3449.0,3371.0,3395.0,3449.0,530951.0,2980.5146484375
2015-10-20,3476.0,3429.0,3464.0,3469.0,375130.0,2997.797607421875
2015-10-21,3482.0,3432.0,3468.0,3442.0,353387.0,2974.46533203125
2015-10-22,3468.0,3395.0,3450.0,3462.0,537447.0,2991.749267578125
2015-10-23,3597.0,3480.0,3480.0,3585.0,788287.0,3098.04150390625
2015-10-26,3601.0,3558.0,3592.0,3567.0,319150.0,3082.486083984375
2015-10-27,3600.300048828125,3535.9599609375,3567.0,3579.0,308628.0,3092.856689453125
2015-10-28,3634.0,3587.0,3598.0,3600.0,561667.0,3111.004150390625
2015-10-29,3638.0,3581.0,3600.0,3606.0,700959.0,3116.188720703125
2015-10-30,3635.0,3584.0,3632.0,3617.0,557941.0,3125.694580078125
2015-11-02,3636.0,3583.0,3594.0,3595.0,490991.0,3106.683349609375
2015-11-03,3624.0,3488.0,3594.0,3503.0,641423.0,3027.179931640625
2015-11-04,3535.0,3487.0,3533.0,3496.0,753285.0,3021.130615234375
2015-11-05,3551.0,3485.0,3519.0,3536.0,939629.0,3055.697509765625
2015-11-06,3610.0,3520.0,3549.0,3583.0,558258.0,3096.31298828125
2015-11-09,3621.0,3518.0,3597.0,3529.0,491097.0,3049.64794921875
2015-11-10,3569.0,3516.0,3553.0,3554.0,419911.0,3071.252685546875
2015-11-11,3620.0,3567.0,3576.0,3587.0,576468.0,3099.770263671875
2015-11-12,3583.0,3510.0,3583.0,3524.0,446281.0,3045.3271484375
2015-11-13,3524.0,3459.0,3510.0,3471.0,356218.0,2999.52587890625
2015-11-16,3427.0,3349.0,3400.0,3383.0,809184.0,2923.479736328125
2015-11-17,3469.0,3425.0,3425.0,3448.0,610220.0,2979.650634765625
2015-11-18,3449.0,3381.0,3449.0,3400.0,557802.0,2938.169921875
2015-11-19,3446.0,3370.0,3404.0,3442.0,494556.0,2991.974365234375
2015-11-20,3493.0,3421.030029296875,3462.0,3479.0,639043.0,3024.13623046875
2015-11-23,3487.0,3437.0,3453.0,3479.0,438984.0,3024.13623046875
2015-11-24,3464.0,3369.0,3461.0,3393.0,1013074.0,2949.380615234375
2015-11-25,3482.0,3413.0,3417.0,3448.0,550652.0,2997.190185546875
2015-11-26,3501.0,3455.0,3466.0,3488.0,258536.0,3031.9599609375
2015-11-27,3497.0,3443.0,3466.0,3463.0,344312.0,3010.228759765625
2015-11-30,3527.0,3452.0,3463.0,3465.0,602803.0,3011.96728515625
2015-12-01,3528.0,3459.0,3472.0,3499.0,600221.0,3041.52197265625
2015-12-02,3557.0,3520.0,3521.0,3552.0,420017.0,3087.592529296875
2015-12-03,3610.0,3493.0,3554.0,3495.0,682822.0,3038.044921875
2015-12-04,3471.0,3397.0,3435.0,3449.0,634765.0,2998.058837890625
2015-12-07,3526.0,3459.0,3473.0,3496.0,320691.0,3038.914306640625
2015-12-08,3486.5,3418.0,3485.0,3440.0,631058.0,2990.235595703125
2015-12-09,3469.0,3432.0,3441.0,3451.0,842989.0,2999.79736328125
2015-12-10,3490.0,3425.0,3436.0,3477.0,525288.0,3022.398193359375
2015-12-11,3492.0,3414.0,3476.0,3447.0,607853.0,2996.32080078125
2015-12-14,3495.0,3435.0,3453.0,3435.0,679149.0,2985.889404296875
2015-12-15,3553.0,3458.0,3467.0,3544.0,586058.0,3080.638427734375
2015-12-16,3578.0,3539.0,3545.0,3545.0,502791.0,3081.50732421875
2015-12-17,3601.0,3549.0,3600.0,3554.0,575443.0,3089.330810546875
2015-12-18,3670.0,3450.0,3476.0,3648.0,1632336.0,3171.040771484375
2015-12-21,3741.0,3672.0,3672.0,3722.0,885122.0,3235.365234375
2015-12-22,3801.0,3737.0,3758.0,3749.0,420245.0,3258.8349609375
2015-12-23,3800.199951171875,3741.0,3771.0,3792.0,435029.0,3296.212890625
2015-12-29,3874.0,3793.0,3824.0,3874.0,549202.0,3367.4921875
2015-12-30,3921.0,3853.0,3866.0,3891.0,434095.0,3382.269775390625
2016-01-04,3906.0,3763.0,3906.0,3806.0,773693.0,3308.383056640625
2016-01-05,3860.0,3802.0,3836.0,3820.0,605087.0,3320.552490234375
2016-01-06,3824.0,3748.0,3799.0,3820.0,776093.0,3320.552490234375
2016-01-07,3801.0,3707.0,3751.0,3790.0,660343.0,3294.474853515625
2016-01-08,3845.0,3773.0,3789.0,3773.0,592407.0,3279.697998046875
2016-01-11,3849.0,3748.0,3783.0,3837.0,597037.0,3335.329345703125
2016-01-12,3951.0,3836.0,3863.0,3907.0,845659.0,3396.177490234375
2016-01-13,3955.260009765625,3883.0,3947.0,3899.0,749765.0,3389.223388671875
2016-01-14,3818.0,3621.0,3818.0,3649.0,1157863.0,3171.909912109375
2016-01-15,3720.0,3558.7900390625,3651.0,3607.0,1436973.0,3135.401123046875
2016-01-18,3660.0,3590.0,3605.0,3656.0,481273.0,3177.994873046875
2016-01-19,3754.0,3680.0,3715.0,3733.0,727332.0,3244.927490234375
2016-01-20,3649.89990234375,3444.0,3648.0,3505.0,1652768.0,3046.737548828125
2016-01-21,3638.0,3490.0,3535.0,3619.0,1094924.0,3145.83203125
2016-01-22,3692.0,3609.0,3692.0,3625.0,708998.0,3151.048095703125
2016-01-25,3629.0,3578.0,3629.0,3600.0,616459.0,3129.31689453125
2016-01-26,3594.0,3533.0,3553.0,3568.0,556615.0,3101.50048828125
2016-01-27,3682.0,3581.0,3584.0,3616.0,927540.0,3143.224365234375
2016-01-28,3572.0,3329.0,3563.0,3384.0,1531892.0,2941.557861328125
2016-01-29,3480.0,3322.0,3430.0,3480.0,1366827.0,3025.006103515625
2016-02-01,3526.0,3467.0,3499.0,3515.0,749934.0,3055.429443359375
2016-02-02,3530.0,3245.0,3514.0,3336.0,1695226.0,2899.833251953125
2016-02-03,3308.0,3213.0,3308.0,3243.0,1076992.0,2818.99267578125
2016-02-04,3296.0,3211.0,3282.0,3225.0,801200.0,2803.346435546875
2016-02-05,3266.0,3114.0,3238.0,3128.0,1277497.0,2719.0283203125
2016-02-08,3149.0,2950.0,3143.0,2957.0,1337491.0,2570.385986328125
2016-02-09,3082.0,2917.0,3000.0,3034.0,1398922.0,2637.318359375
2016-02-10,3161.0,3044.0,3085.0,3118.0,861894.0,2710.335693359375
2016-02-11,3098.0,2998.0,3086.0,3044.0,1151694.0,2646.0107421875
2016-02-12,3109.0,3034.0,3091.0,3106.0,666052.0,2699.905029296875
2016-02-15,3176.60009765625,3125.0,3171.0,3149.0,606871.0,2737.283203125
2016-02-16,3224.0,3124.0,3164.0,3194.0,741750.0,2776.39892578125
2016-02-17,3326.0,3208.0,3214.0,3301.0,862772.0,2869.409423828125
2016-02-18,3305.0,3236.0,3305.0,3275.0,541688.0,2865.447021484375
2016-02-19,3313.0,3247.0,3250.0,3313.0,612638.0,2898.69482421875
2016-02-22,3468.0,3355.0,3356.0,3417.0,792411.0,2989.689453125
2016-02-23,3528.0,3397.0,3404.0,3458.0,1264867.0,3025.562255859375
2016-02-24,3505.0,3413.0,3478.0,3425.0,1089784.0,2996.68896484375
2016-02-25,3550.0,3459.0,3477.0,3539.0,736577.0,3096.432373046875
2016-02-26,3582.0,3523.27001953125,3579.0,3546.0,523662.0,3102.55712890625
2016-02-29,3584.0,3502.0,3512.0,3578.0,1192313.0,3130.5556640625
2016-03-01,3621.0,3534.0,3562.0,3599.0,910587.0,3148.928955078125
2016-03-02,3639.0,3526.0,3639.0,3532.0,751232.0,3090.3076171875
2016-03-03,3560.0,3397.0,3536.0,3417.0,1360247.0,2989.689453125
2016-03-04,3523.3701171875,3439.0,3450.0,3460.0,619410.0,3027.312255859375
2016-03-07,3461.0,3415.0,3460.0,3420.0,479159.0,2992.313720703125
2016-03-08,3401.0,3356.0,3387.0,3379.0,628929.0,2956.441162109375
2016-03-09,3398.0,3347.0,3391.0,3354.0,614036.0,2934.56787109375
2016-03-10,3415.0,3327.0,3363.0,3327.0,601802.0,2910.9443359375
2016-03-11,3410.1298828125,3359.0,3363.0,3410.0,656851.0,2983.564453125
2016-03-14,3491.0,3406.909912109375,3410.0,3477.0,507433.0,3042.1865234375
2016-03-15,3506.0,3449.090087890625,3463.0,3489.0,338654.0,3052.685791015625
2016-03-16,3549.0,3484.0,3511.0,3532.0,321142.0,3090.3076171875
2016-03-17,3538.0,3448.0,3538.0,3464.0,589734.0,3030.811767578125
2016-03-18,3515.0,3451.0,3472.0,3497.0,1021134.0,3059.685302734375
2016-03-21,3534.0,3482.0,3495.0,3512.0,357858.0,3072.809326171875
2016-03-22,3493.0,3392.0,3470.0,3456.0,914947.0,3023.812744140625
2016-03-23,3550.0,3448.0,3448.0,3522.0,687258.0,3081.55859375
2016-03-24,3547.0,3494.0,3506.0,3517.0,593389.0,3077.18359375
2016-03-29,3555.0,3486.0,3523.0,3550.0,519527.0,3106.057373046875
2016-03-30,3728.0,3534.0,3559.0,3692.0,1219137.0,3230.2998046875
2016-03-31,3765.0,3697.0,3703.0,3752.0,952738.0,3282.79638671875
2016-04-01,3796.0,3700.0,3735.0,3791.0,712150.0,3316.9189453125
2016-04-04,3802.0,3737.010009765625,3781.0,3782.0,448235.0,3309.04443359375
2016-04-05,3788.590087890625,3711.0,3751.0,3730.0,618639.0,3263.546630859375
2016-04-06,3800.0,3721.0,3743.0,3779.0,673101.0,3306.420166015625
2016-04-07,3814.0,3752.0,3786.0,3759.0,421700.0,3288.9208984375
2016-04-08,3785.0,3750.0,3764.0,3764.0,536108.0,3293.29541015625
2016-04-11,3770.0,3707.0,3748.0,3711.0,366208.0,3246.923583984375
2016-04-12,3733.0,3680.0,3707.0,3726.0,510043.0,3260.0478515625
2016-04-13,3767.3701171875,3724.0,3753.0,3749.0,490053.0,3280.171142578125
2016-04-14,3790.0,3739.0,3760.0,3754.0,419773.0,3284.5458984375
2016-04-15,3784.0,3724.0,3748.0,3738.0,409369.0,3270.54736328125
2016-04-18,3808.0,3674.0,3715.0,3680.0,948911.0,3219.800537109375
2016-04-19,3704.0,3628.0,3675.0,3669.0,561605.0,3210.175537109375
2016-04-20,3671.0,3601.0,3647.0,3625.0,373789.0,3171.678466796875
2016-04-21,3634.409912109375,3543.0,3621.0,3560.0,767682.0,3114.806640625
2016-04-22,3550.0,3457.0,3549.0,3462.0,542418.0,3029.062744140625
2016-04-25,3514.0,3459.0,3469.0,3501.0,517478.0,3063.18505859375
2016-04-26,3518.0,3467.0,3512.0,3480.0,479805.0,3044.81103515625
2016-04-27,3510.0,3466.0,3481.0,3482.0,538933.0,3046.56103515625
2016-04-28,3483.0,3420.0,3460.0,3455.0,915915.0,3022.937255859375
2016-04-29,3520.219970703125,3387.0,3418.0,3397.0,1023236.0,2972.1904296875
2016-05-03,3493.0,3400.0,3419.0,3483.0,838589.0,3047.435546875
2016-05-04,3496.0,3452.0,3487.0,3475.0,391486.0,3040.4365234375
2016-05-05,3490.0,3431.0,3489.0,3435.0,379042.0,3005.438232421875
2016-05-06,3457.0,3411.0,3430.0,3452.0,377484.0,3020.3125
2016-05-09,3536.0,3482.0,3484.0,3531.0,492487.0,3089.432861328125
2016-05-10,3575.0,3467.0,3547.0,3543.0,642180.0,3099.932373046875
2016-05-11,3637.0,3554.0,3554.0,3610.0,450209.0,3158.554443359375
2016-05-12,3643.0,3580.0,3595.0,3634.0,568804.0,3179.552490234375
2016-05-13,3656.0,3595.0,3624.0,3630.0,492573.0,3176.052978515625
2016-05-16,3600.0,3565.0,3597.0,3582.0,296772.0,3134.055908203125
2016-05-17,3607.0,3572.0,3586.0,3578.0,348707.0,3130.5556640625
2016-05-18,3588.0,3531.0,3559.0,3549.0,432355.0,3105.182373046875
2016-05-19,3549.0,3484.0,3530.0,3485.0,583494.0,3049.18505859375
2016-05-20,3557.0,3488.0,3504.0,3534.0,480158.0,3092.057861328125
2016-05-23,3580.0,3527.0,3527.0,3551.0,1001401.0,3106.93212890625
2016-05-24,3595.0,3533.0,3540.0,3584.0,539790.0,3135.80517578125
2016-05-25,3613.0,3489.0,3613.0,3489.0,702087.0,3052.685791015625
2016-05-26,3465.85009765625,3364.0,3459.0,3379.0,947535.0,2977.115234375
2016-05-27,3458.5,3349.0,3384.0,3446.0,1427890.0,3036.146484375
2016-05-31,3442.0,3405.0,3439.0,3409.0,881934.0,3003.546875
2016-06-01,3419.0,3362.0,3414.0,3382.0,1184215.0,2979.75830078125
2016-06-02,3415.0,3386.0,3389.0,3394.0,763798.0,2990.3310546875
2016-06-03,3421.0,3335.0,3403.0,3357.0,586148.0,2957.731689453125
2016-06-06,3398.0,3327.0,3370.0,3333.0,837042.0,2936.58544921875
2016-06-07,3364.0,3327.0,3333.0,3364.0,554156.0,2963.89892578125
2016-06-08,3356.0,3330.0,3351.0,3351.0,1366010.0,2952.4453125
2016-06-09,3417.0,3346.0,3355.0,3410.0,896318.0,3004.42822265625
2016-06-10,3393.0,3327.0,3393.0,3359.0,622692.0,2959.494140625
2016-06-13,3374.0,3320.0,3339.0,3340.0,739269.0,2942.753662109375
2016-06-14,3354.0,3277.0,3336.0,3332.0,917850.0,2935.705078125
2016-06-15,3417.0,3346.0,3357.0,3400.0,563351.0,2995.6171875
2016-06-16,3384.0,3348.0,3360.0,3375.0,548985.0,2973.591064453125
2016-06-17,3412.0,3357.0,3388.0,3402.0,864289.0,2997.3798828125
2016-06-20,3495.0,3416.0,3450.0,3427.0,1140183.0,3019.406005859375
2016-06-21,3467.0,3400.0,3431.0,3461.0,1187965.0,3049.362548828125
2016-06-22,3481.0,3434.0,3461.0,3458.0,442600.0,3046.719482421875
2016-06-23,3546.0,3458.0,3479.0,3490.0,805325.0,3074.913330078125
2016-06-24,3509.0,3307.0,3488.0,3465.0,2158856.0,3052.886962890625
2016-06-27,3423.0,3075.0,3409.0,3264.0,2285556.0,2875.792724609375
2016-06-28,3425.0,3229.0,3291.0,3259.0,1397652.0,2871.387451171875
2016-06-29,3320.0,3217.0,3290.0,3320.0,913992.0,2925.132568359375
2016-06-30,3323.0,3254.0,3300.0,3310.0,924086.0,2916.32177734375
2016-07-01,3434.0,3330.0,3330.0,3425.0,975397.0,3017.64404296875
2016-07-04,3450.0,3376.0,3446.0,3376.0,302951.0,2974.4716796875
2016-07-05,3417.0,3370.0,3376.0,3387.0,939411.0,2984.16357421875
2016-07-06,3442.0,3365.0,3384.0,3391.0,686139.0,2987.68798828125
2016-07-07,3449.0,3385.0,3410.0,3415.0,522032.0,3008.83349609375
2016-07-08,3486.0,3396.0,3396.0,3472.0,560563.0,3059.053955078125
2016-07-11,3545.0,3471.0,3496.0,3528.0,432371.0,3108.393798828125
2016-07-12,3585.0,3526.0,3539.0,3562.0,620583.0,3138.349853515625
2016-07-13,3601.0,3541.0,3565.0,3583.0,695899.0,3156.85205078125
2016-07-14,3613.0,3553.0,3600.0,3554.0,624703.0,3131.301513671875
2016-07-15,3536.0,3424.0,3534.0,3473.0,739663.0,3059.93505859375
2016-07-18,3504.0,3458.0,3469.0,3493.0,1657646.0,3077.556396484375
2016-07-19,3555.0,3474.0,3491.0,3519.0,488818.0,3100.464111328125
2016-07-20,3586.0,3522.9599609375,3530.0,3560.0,851817.0,3136.587646484375
2016-07-21,3575.0,3532.0,3563.0,3539.0,543167.0,3118.08544921875
2016-07-22,3568.0,3507.3701171875,3527.0,3563.0,283660.0,3139.230712890625
2016-07-25,3606.0,3558.0,3573.0,3580.0,472201.0,3154.208740234375
2016-07-26,3629.0,3581.0,3611.0,3607.0,410455.0,3177.998046875
2016-07-27,3646.0,3589.0,3608.0,3594.0,358186.0,3166.5439453125
2016-07-28,3625.419921875,3576.0,3609.0,3623.0,680030.0,3192.0947265625
2016-07-29,3676.0,3618.0,3628.0,3642.0,726567.0,3208.83447265625
2016-08-01,3677.0,3630.0,3654.0,3640.0,491760.0,3207.072998046875
2016-08-02,3684.0,3538.0,3641.0,3555.0,1120161.0,3132.182373046875
2016-08-03,3569.0,3498.0,3557.0,3539.0,589457.0,3118.08544921875
2016-08-04,3623.0,3505.0,3542.0,3609.0,700270.0,3179.759521484375
2016-08-05,3696.0,3606.0,3612.0,3683.0,446893.0,3244.95849609375
2016-08-08,3713.0,3664.0,3684.0,3676.0,359860.0,3238.791259765625
2016-08-09,3689.0,3567.0,3683.0,3589.0,872853.0,3162.138671875
2016-08-10,3576.0,3512.0,3570.0,3574.0,676338.0,3148.92236328125
2016-08-11,3650.0,3570.0,3593.0,3644.0,611939.0,3210.59716796875
2016-08-12,3648.0,3617.0,3632.0,3629.0,398950.0,3197.38134765625
2016-08-15,3659.0,3606.0,3645.0,3651.0,916372.0,3216.7646484375
2016-08-16,3653.0,3623.0,3627.0,3623.0,312329.0,3192.0947265625
2016-08-17,3657.0,3622.0,3642.0,3646.0,473379.0,3212.358642578125
2016-08-18,3676.0,3601.0,3660.0,3617.0,316383.0,3186.80810546875
2016-08-19,3631.0,3583.0,3611.0,3628.0,443983.0,3196.499755859375
2016-08-22,3647.0,3602.0,3619.0,3633.0,549374.0,3200.9052734375
2016-08-23,3689.0,3624.0,3641.0,3685.0,324856.0,3246.720703125
2016-08-24,3696.0,3656.0,3669.0,3664.0,401559.0,3228.21875
2016-08-25,3635.0,3598.0,3625.0,3622.0,343214.0,3214.394775390625
2016-08-26,3655.0,3606.0,3616.0,3637.0,262721.0,3227.706298828125
2016-08-30,3669.0,3620.0,3648.0,3658.0,496563.0,3246.34326171875
2016-08-31,3667.0,3630.0,3652.0,3654.0,575285.0,3242.79345703125
2016-09-01,3695.0,3646.0,3664.0,3666.0,407755.0,3253.442626953125
2016-09-02,3621.0,3476.199951171875,3621.0,3515.0,1535705.0,3119.435791015625
2016-09-05,3522.0,3496.0,3518.0,3502.0,381915.0,3107.898681640625
2016-09-06,3509.0,3427.0,3504.0,3440.0,926708.0,3052.87548828125
2016-09-07,3442.0,3390.27001953125,3440.0,3395.0,1393910.0,3012.940185546875
2016-09-08,3416.0,3363.0,3391.0,3389.0,843249.0,3007.615478515625
2016-09-09,3389.0,3349.0,3374.0,3349.0,591291.0,2972.116943359375
2016-09-12,3373.0,3298.0,3320.0,3372.0,786223.0,2992.528564453125
2016-09-13,3469.0,3387.0,3393.0,3453.0,1040755.0,3064.4130859375
2016-09-14,3490.0,3436.56005859375,3456.0,3469.0,822454.0,3078.612548828125
2016-09-15,3509.0,3446.0,3469.0,3501.0,653628.0,3107.010986328125
2016-09-16,3531.0,3479.860107421875,3487.0,3500.0,966371.0,3106.123779296875
2016-09-19,3541.0,3509.0,3521.0,3514.0,448730.0,3118.54833984375
2016-09-20,3557.2900390625,3501.0,3501.0,3540.0,761326.0,3141.62255859375
2016-09-21,3568.0,3501.919921875,3568.0,3502.0,623315.0,3107.898681640625
2016-09-22,3555.0,3497.0,3507.0,3540.0,473394.0,3141.62255859375
2016-09-23,3611.0,3522.0,3528.0,3606.0,717949.0,3200.19482421875
2016-09-26,3678.0,3517.39990234375,3602.0,3555.0,1388125.0,3154.9345703125
2016-09-27,3731.0,3603.5,3628.0,3726.0,1091381.0,3306.690673828125
2016-09-28,3819.0,3719.0,3748.0,3745.0,842545.0,3323.55224609375
2016-09-29,3772.760009765625,3715.0,3750.0,3743.0,592686.0,3321.777099609375
2016-09-30,3768.0,3682.0,3702.0,3768.0,740694.0,3343.96435546875
2016-10-03,3837.0,3761.0,3762.0,3829.0,656476.0,3398.099609375
2016-10-04,3889.800048828125,3811.0,3828.0,3855.0,948729.0,3421.173583984375
2016-10-05,3868.0,3784.6201171875,3851.0,3785.0,1163909.0,3359.051025390625
2016-10-06,3860.0,3794.0,3830.0,3831.0,600519.0,3399.87451171875
2016-10-07,3886.0,3815.0,3857.0,3833.0,1221675.0,3401.649169921875
2016-10-10,3848.0,3787.0,3837.0,3817.0,675227.0,3387.449951171875
2016-10-11,3846.0,3804.0,3804.0,3817.0,494439.0,3387.449951171875
2016-10-12,3824.0,3749.0,3817.0,3760.0,1003192.0,3336.864501953125
2016-10-13,3774.0,3742.0,3765.0,3761.0,767625.0,3337.751708984375
2016-10-14,3801.0,3761.0,3773.0,3769.0,678574.0,3344.851806640625
2016-10-17,3777.0,3737.0,3768.0,3756.0,536142.0,3333.314697265625
2016-10-18,3782.0,3740.0,3740.0,3764.0,512939.0,3340.414306640625
2016-10-19,3764.0,3723.0,3757.0,3753.0,423818.0,3330.65234375
2016-10-20,3779.0,3749.0,3762.0,3773.0,510077.0,3348.4013671875
2016-10-21,3807.0,3768.0,3784.0,3775.0,440815.0,3350.17626953125
2016-10-24,3807.0,3755.0,3790.0,3805.0,475281.0,3376.80029296875
2016-10-25,3828.0,3763.0,3806.0,3779.0,536300.0,3353.726318359375
2016-10-26,3801.050048828125,3735.0,3774.0,3770.0,384786.0,3345.739013671875
2016-10-27,3814.0,3743.260009765625,3757.0,3752.0,653251.0,3329.764892578125
2016-10-28,3881.0,3733.0,3746.0,3877.0,893406.0,3440.697998046875
2016-10-31,3950.0,3878.0,3880.0,3936.0,899192.0,3493.05810546875
2016-11-01,3967.0,3924.0,3944.0,3935.0,827198.0,3492.170654296875
2016-11-02,3920.0,3876.0,3906.0,3905.0,574695.0,3465.546875
2016-11-03,3907.0,3851.0,3880.0,3874.0,658687.0,3438.035400390625
2016-11-04,3854.0,3799.0,3847.0,3847.0,585512.0,3414.07421875
2016-11-07,3906.0,3854.0,3902.0,3901.0,814835.0,3461.996826171875
2016-11-08,3943.0,3881.0,3885.0,3942.0,737813.0,3498.383056640625
2016-11-09,3961.0,3839.0,3880.0,3943.0,1077924.0,3499.2705078125
2016-11-10,3982.0,3913.0,3982.0,3943.0,759667.0,3499.2705078125
2016-11-11,3944.0,3874.0,3938.0,3910.0,596326.0,3469.984130859375
2016-11-14,3971.0,3884.0,3940.0,3939.0,897388.0,3495.720947265625
2016-11-15,4035.0,3966.0,3975.0,3997.0,614504.0,3547.193359375
2016-11-16,4010.0,3953.0,3993.0,3956.0,603697.0,3510.80712890625
2016-11-17,4070.0,3974.0,3974.0,4025.0,853045.0,3572.04296875
2016-11-18,4096.0,4027.010009765625,4031.0,4084.0,603826.0,3624.403076171875
2016-11-21,4091.1201171875,4020.0,4084.0,4030.0,677271.0,3576.479248046875
2016-11-22,4090.0,4032.0,4032.0,4089.0,478155.0,3628.840087890625
2016-11-23,4144.0,4087.0,4106.0,4136.0,449982.0,3670.551025390625
2016-11-24,4152.0,4057.0,4152.0,4098.0,319608.0,3661.372802734375
2016-11-25,4130.08984375,4083.0,4120.0,4112.0,321608.0,3673.881103515625
2016-11-28,4109.0,4049.0,4102.0,4100.0,506192.0,3663.159423828125
2016-11-29,4129.0,4062.0,4107.0,4129.0,664845.0,3689.0703125
2016-11-30,4177.0,4034.0,4147.0,4044.0,946447.0,3613.1259765625
2016-12-01,3987.0,3910.0,3949.0,3925.0,882841.0,3506.80517578125
2016-12-02,3911.0,3863.0,3893.0,3907.0,807367.0,3490.722900390625
2016-12-05,4047.0,3887.909912109375,3890.0,4039.0,645104.0,3608.65869140625
2016-12-06,4047.0,3966.0,3998.0,4026.0,585881.0,3597.043701171875
2016-12-07,4088.0,3998.0,4057.0,4078.0,880043.0,3643.503662109375
2016-12-08,4136.0,4054.0,4090.0,4125.0,687255.0,3685.49560546875
2016-12-09,4138.0,4074.0,4104.0,4122.0,426701.0,3682.8154296875
2016-12-12,4115.0,4002.0,4114.0,4010.0,636618.0,3582.74853515625
2016-12-13,4033.0,3974.0,4009.0,4011.0,456245.0,3583.642333984375
2016-12-14,4068.0,4017.64990234375,4024.0,4045.0,477086.0,3614.01953125
2016-12-15,4161.0,4073.0,4076.0,4130.0,688272.0,3689.963134765625
2016-12-16,4175.0,4063.0,4169.0,4068.0,1349675.0,3634.5693359375
2016-12-19,4061.0,3870.0,3870.0,4023.0,1139154.0,3594.36376953125
2016-12-20,4177.0,3907.0,4025.0,4145.0,1602199.0,3703.364990234375
2016-12-21,4148.0,3944.0,4129.0,4137.0,1540862.0,3696.216796875
2016-12-22,4165.0,4101.419921875,4125.0,4132.0,827373.0,3691.750244140625
2016-12-23,4164.0,4126.0,4139.0,4147.0,143787.0,3705.152099609375
2016-12-28,4155.27978515625,4103.0,4125.0,4145.0,454670.0,3703.364990234375
2016-12-29,4143.0,4101.0,4114.0,4115.0,322878.0,3676.561279296875
2016-12-30,4125.0,4082.0,4120.0,4125.0,281731.0,3685.49560546875
2017-01-03,4160.0,4090.0,4108.0,4100.0,560859.0,3663.159423828125
2017-01-04,4142.0,4094.0,4101.0,4131.0,719069.0,3690.85693359375
2017-01-05,4185.0,4125.0,4125.0,4179.0,377143.0,3733.741943359375
2017-01-06,4195.0,4139.0,4163.0,4189.0,415897.0,3742.67724609375
2017-01-09,4275.0,4191.0,4191.0,4243.0,515022.0,3790.92333984375
2017-01-10,4335.0,4211.0,4244.0,4298.0,679103.0,3840.0634765625
2017-01-11,4351.0,4273.0,4283.0,4314.0,610658.0,3854.358642578125
2017-01-12,4296.0,4206.0,4291.0,4215.0,528961.0,3765.90673828125
2017-01-13,4259.0,4220.0,4230.0,4242.0,512394.0,3790.030029296875
2017-01-16,4309.0,4222.0,4250.0,4262.0,327037.0,3807.89892578125
2017-01-17,4265.60009765625,4113.0,4247.0,4113.0,717409.0,3674.774658203125
2017-01-18,4196.0,4122.0,4131.0,4172.0,798020.0,3727.488525390625
2017-01-19,4225.0,4169.0,4177.0,4180.0,663804.0,3734.6357421875
2017-01-20,4217.0,4147.0,4181.0,4168.0,532830.0,3723.914306640625
2017-01-23,4155.0,4102.0,4139.0,4105.0,376775.0,3667.626953125
2017-01-24,4191.0,4129.0,4131.0,4175.0,592960.0,3730.169189453125
2017-01-25,4239.0,4147.06005859375,4174.0,4233.0,655664.0,3781.9892578125
2017-01-26,4411.0,4195.0,4248.0,4340.0,1178914.0,3877.587890625
2017-01-27,4407.91015625,4312.0,4375.0,4340.0,623337.0,3877.587890625
2017-01-30,4338.0,4302.0,4317.0,4324.0,1490076.0,3863.293212890625
2017-01-31,4335.0,4231.0,4318.0,4238.0,931200.0,3786.45654296875
2017-02-01,4284.0,4208.0,4275.0,4243.0,658388.0,3790.92333984375
2017-02-02,4280.0,4214.0,4238.0,4268.0,515222.0,3813.26025390625
2017-02-03,4310.64990234375,4277.0,4281.0,4288.0,693171.0,3831.129150390625
2017-02-06,4318.0,4261.0,4279.0,4311.0,328053.0,3851.677734375
2017-02-07,4365.0,4302.0,4325.0,4302.0,643127.0,3843.63671875
2017-02-08,4362.52978515625,4283.0,4283.0,4308.0,650636.0,3848.99755859375
2017-02-09,4315.60986328125,4260.0,4307.0,4298.0,549193.0,3840.0634765625
2017-02-10,4356.0,4265.58984375,4330.0,4336.0,2538697.0,3874.0146484375
2017-02-13,4389.0,4322.0,4322.0,4353.0,567318.0,3889.203369140625
2017-02-14,4381.0,4328.0,4350.0,4371.0,1071917.0,3905.285400390625
2017-02-15,4392.0,4316.0,4373.0,4354.0,715231.0,3890.096923828125
2017-02-16,4362.0,4307.0,4351.0,4326.0,622198.0,3865.080078125
2017-02-17,4341.0,4296.0,4325.0,4303.0,753345.0,3844.5302734375
2017-02-20,4355.0,4309.0,4317.0,4340.0,349741.0,3877.587890625
2017-02-21,4375.0,4295.0,4369.0,4300.0,369131.0,3841.8505859375
2017-02-22,4327.0,4260.0,4304.0,4285.0,960407.0,3828.447998046875
2017-02-23,4462.0,4241.0,4286.0,4358.0,1338272.0,3919.661376953125
2017-02-24,4377.89990234375,4319.0,4351.0,4346.0,596301.0,3908.86865234375
2017-02-27,4387.0,4340.0,4379.0,4359.0,785527.0,3920.56103515625
2017-02-28,4406.0,4361.0,4380.0,4399.0,708894.0,3956.53759765625
2017-03-01,4456.0,4399.0,4410.0,4454.0,458561.0,4006.005615234375
2017-03-02,4480.0,4433.0,4443.0,4453.0,618169.0,4005.10693359375
2017-03-03,4480.0,4405.0,4455.0,4411.0,623852.0,3967.330322265625
2017-03-06,4434.0,4381.0,4411.0,4397.0,434503.0,3954.7392578125
2017-03-07,4464.0,4388.0,4422.0,4416.0,366413.0,3971.827880859375
2017-03-08,4475.0,4400.0,4400.0,4465.0,463708.0,4015.8994140625
2017-03-09,4499.0,4432.0,4466.0,4488.0,607208.0,4036.586181640625
2017-03-10,4571.0,4499.0,4500.0,4561.0,841232.0,4102.24365234375
2017-03-13,4570.0,4531.0,4552.0,4541.0,424124.0,4084.25537109375
2017-03-14,4561.0,4528.0,4557.0,4535.0,477962.0,4078.85888671875
2017-03-15,4543.0,4515.0,4533.0,4524.0,548977.0,4068.965087890625
2017-03-16,4538.0,4464.0,4538.0,4490.0,864443.0,4038.38525390625
2017-03-17,4517.0,4453.0,4486.0,4509.0,954140.0,4055.47314453125
2017-03-20,4513.0,4493.60009765625,4513.0,4506.0,607244.0,4052.776123046875
2017-03-21,4542.0,4475.10009765625,4540.0,4500.0,751866.0,4047.379150390625
2017-03-22,4497.0,4437.0,4474.0,4475.0,1039771.0,4024.893798828125
2017-03-23,4547.0,4461.0,4461.0,4545.0,685494.0,4087.8525390625
2017-03-24,4580.0,4533.0,4553.0,4550.0,698466.0,4092.350341796875
2017-03-27,4538.0,4471.0,4538.0,4502.0,597290.0,4049.177734375
2017-03-28,4629.0,4502.0,4515.0,4568.0,1383195.0,4108.5400390625
2017-03-29,4634.0,4562.0,4629.0,4588.0,1020087.0,4126.52734375
2017-03-30,4647.0,4577.0,4588.0,4613.0,758308.0,4149.0126953125
2017-03-31,4627.0,4578.0,4616.0,4578.0,684919.0,4117.533203125
2017-04-03,4612.0,4555.0,4601.0,4562.0,576433.0,4103.142578125
2017-04-04,4614.0,4575.0,4580.0,4601.0,569420.0,4138.22021484375
2017-04-05,4611.0,4554.0,4611.0,4575.0,734092.0,4114.8349609375
2017-04-06,4579.0,4533.0,4542.0,4578.0,714375.0,4117.533203125
2017-04-07,4631.0,4561.0,4579.0,4617.0,744592.0,4152.611328125
2017-04-10,4636.0,4599.0,4605.0,4604.0,642899.0,4140.91845703125
2017-04-11,4638.0,4532.0,4584.0,4544.0,803618.0,4086.953857421875
2017-04-12,4580.0,4508.0,4547.0,4527.0,2136598.0,4071.6630859375
2017-04-13,4558.0,4494.0,4527.0,4558.0,572535.0,4099.54443359375
2017-04-18,4572.0,4462.0,4557.0,4476.0,1210833.0,4025.793212890625
2017-04-19,4522.0,4452.0,4465.0,4507.0,859590.0,4053.674072265625
2017-04-20,4557.0,4502.7998046875,4508.0,4546.0,540599.0,4088.75146484375
2017-04-21,4568.0,4539.0,4540.0,4551.0,482519.0,4093.25
2017-04-24,4636.0,4586.0,4622.0,4614.0,482920.0,4149.91259765625
2017-04-25,4638.0,4610.0,4629.0,4625.0,592851.0,4159.8056640625
2017-04-26,4657.0,4615.0,4641.0,4656.0,614756.0,4187.6875
2017-04-27,4691.0,4637.0,4654.0,4688.0,612455.0,4216.4697265625
2017-04-28,4775.0,4651.41015625,4674.0,4766.0,1190455.0,4286.6240234375
2017-05-02,4823.0,4764.0,4823.0,4801.0,761298.0,4318.10400390625
2017-05-03,4812.0,4780.0,4800.0,4805.0,682884.0,4321.70166015625
2017-05-04,4862.0,4795.419921875,4814.0,4853.0,675857.0,4364.873046875
2017-05-05,4867.0,4815.0,4841.0,4823.0,549321.0,4337.8916015625
2017-05-08,4847.0,4805.0,4835.0,4834.0,703745.0,4347.7841796875
2017-05-09,4856.0,4820.0,4821.0,4829.0,422882.0,4343.2880859375
2017-05-10,4852.0,4795.0,4827.0,4812.0,562826.0,4327.99658203125
2017-05-11,4804.0,4752.0,4799.0,4775.0,1090773.0,4294.71826171875
2017-05-12,4808.0,4720.0,4769.0,4748.0,628291.0,4270.4345703125
2017-05-15,4750.0,4692.0,4748.0,4709.0,719242.0,4235.357421875
2017-05-16,4745.0,4702.0,4709.0,4710.0,566163.0,4236.25732421875
2017-05-17,4713.0,4657.0,4695.0,4676.0,963731.0,4205.67626953125
2017-05-18,4724.0,4644.0,4672.0,4723.0,1067048.0,4247.94921875
2017-05-19,4767.0,4663.2099609375,4720.0,4732.0,669063.0,4256.044921875
2017-05-22,4795.0,4735.0,4745.0,4790.0,561342.0,4308.2099609375
2017-05-23,4823.0,4775.0,4791.0,4788.0,538563.0,4306.41162109375
2017-05-24,4865.0,4772.31005859375,4787.0,4845.0,743472.0,4357.67724609375
2017-05-25,4883.0,4797.9501953125,4859.0,4876.0,477294.0,4413.91357421875
2017-05-26,4945.0,4862.580078125,4891.0,4935.0,575929.0,4467.322265625
2017-05-30,4963.0,4843.0,4925.0,4959.0,551898.0,4489.04833984375
2017-05-31,5005.0,4946.0,4972.0,4970.0,1368644.0,4499.005859375
2017-06-01,5035.0,4969.0,4981.0,5035.0,478017.0,4557.84716796875
2017-06-02,5165.0,5070.0,5075.0,5135.0,915850.0,4648.369140625
2017-06-05,5125.0,4981.1298828125,5125.0,5050.0,413909.0,4571.42529296875
2017-06-06,5100.0,5030.0,5075.0,5050.0,445238.0,4571.42529296875
2017-06-07,5086.39990234375,4999.0,5040.0,5000.0,863082.0,4526.1630859375
2017-06-08,5068.8798828125,4983.0,5010.0,4995.0,684188.0,4521.63671875
2017-06-09,5075.0,4997.0,4997.0,5035.0,534204.0,4557.84716796875
2017-06-12,5000.0,4951.0,4995.0,5000.0,684822.0,4526.1630859375
2017-06-13,5055.0,5005.0,5025.0,5040.0,550032.0,4562.3720703125
2017-06-14,5125.0,5041.580078125,5050.0,5090.0,585666.0,4607.6337890625
2017-06-15,5094.18017578125,5044.5,5080.0,5075.0,455932.0,4594.05517578125
2017-06-16,5135.0,5080.0,5110.0,5115.0,883058.0,4630.2646484375
2017-06-19,5170.0,5141.81982421875,5155.0,5165.0,301084.0,4675.5263671875
2017-06-20,5280.0,5185.0,5190.0,5215.0,41449.0,4720.7880859375
2017-06-21,5260.0,5195.0,5205.0,5245.0,612405.0,4747.94482421875
2017-06-22,5285.0,5140.0,5150.0,5215.0,74945.0,4720.7880859375
2017-06-23,5215.0,5110.0,5215.0,5190.0,40863.0,4698.15673828125
2017-06-26,5240.0,5198.2900390625,5205.0,5224.18017578125,34383.0,4729.0986328125
2017-06-27,5180.6201171875,5100.0,5150.0,5146.6201171875,58021.0,4658.8876953125
2017-06-28,5168.8798828125,5096.0,5150.0,5125.0,188411.0,4639.3173828125
2017-06-29,5140.0,5051.02001953125,5135.0,5060.0,28868.0,4580.47705078125
2017-06-30,5130.0,5035.0,5050.0,5080.0,24325.0,4598.58154296875
2017-07-03,5125.0,5065.0,5115.0,5095.0,408877.0,4612.16064453125
2017-07-04,5095.0,5055.0,5080.0,5065.0,307297.0,4585.00341796875
2017-07-05,5150.0,5065.0,5070.0,5145.0,353444.0,4657.421875
2017-07-06,5140.0,5045.0,5130.0,5080.0,629075.0,4598.58154296875
2017-07-07,5155.0,5080.0,5090.0,5155.0,528383.0,4666.474609375
2017-07-10,5170.0,5112.10986328125,5170.0,5125.0,381707.0,4639.3173828125
2017-07-11,5135.0,5060.0,5125.0,5085.0,414491.0,4603.10693359375
2017-07-12,5155.0,5085.0,5085.0,5155.0,326199.0,4666.474609375
2017-07-13,5150.0,5096.080078125,5145.0,5120.0,341295.0,4634.791015625
2017-07-14,5145.0,5040.0,5140.0,5055.0,318425.0,4575.95068359375
2017-07-17,5110.330078125,5030.0,5055.0,5110.0,516838.0,4625.73828125
2017-07-18,5145.0,5090.0,5130.0,5105.0,422722.0,4621.2119140625
2017-07-19,5140.0,5080.0,5135.0,5115.0,251781.0,4630.2646484375
2017-07-20,5180.0,5100.0,5125.0,5180.0,437809.0,4689.1044921875
2017-07-21,5195.0,5145.35009765625,5175.0,5170.0,454052.0,4680.05224609375
2017-07-24,5170.0,5115.0,5160.0,5135.0,588639.0,4648.369140625
2017-07-25,5203.75,5142.5,5145.0,5170.0,478337.0,4680.05224609375
2017-07-26,5200.0,5147.5,5155.0,5155.0,318744.0,4666.474609375
2017-07-27,5170.0,5100.0,5125.0,5115.0,626362.0,4630.2646484375
2017-07-28,5110.0,5060.0,5090.0,5075.0,373126.0,4594.05517578125
2017-07-31,5170.0,5050.0,5075.0,5120.0,752168.0,4634.791015625
2017-08-01,5215.0,5085.0,5100.0,5150.0,870565.0,4661.94775390625
2017-08-02,5220.0,5100.0,5170.0,5105.0,695679.0,4621.2119140625
2017-08-03,5190.0,5040.0,5145.0,5155.0,702074.0,4666.474609375
2017-08-04,5237.5,5125.0,5150.0,5220.0,314758.0,4725.314453125
2017-08-07,5250.0,5210.0,5225.0,5240.0,274047.0,4743.4189453125
2017-08-08,5300.0,5205.0,5215.0,5280.0,360910.0,4779.62890625
2017-08-09,5280.0,5210.0,5240.0,5265.0,407571.0,4766.0498046875
2017-08-10,5280.0,5225.0,5265.0,5245.0,364925.0,4747.94482421875
2017-08-11,5245.0,5200.0,5235.0,5235.0,424081.0,4738.89306640625
2017-08-14,5306.39990234375,5232.7998046875,5235.0,5300.0,327428.0,4797.73291015625
2017-08-15,5395.0,5306.25,5325.0,5375.0,407595.0,4865.62548828125
2017-08-16,5415.0,5365.0,5375.0,5380.0,329741.0,4870.15185546875
2017-08-17,5385.0,5340.0,5370.0,5355.0,308621.0,4847.52099609375
2017-08-18,5325.0,5250.0,5310.0,5290.0,556402.0,4788.6806640625
2017-08-21,5320.0,5250.0,5250.0,5310.0,291464.0,4806.78515625
2017-08-22,5365.0,5306.25,5330.0,5365.0,448626.0,4856.572265625
2017-08-23,5360.0,5315.0,5355.0,5345.0,278139.0,4838.46923828125
2017-08-24,5360.0,5305.0,5305.0,5345.0,312345.0,4866.560546875
2017-08-25,5355.0,5305.0,5340.0,5320.0,245647.0,4843.7978515625
2017-08-29,5295.0,5240.0,5280.0,5270.0,523674.0,4798.2734375
2017-08-30,5325.0,5285.0,5285.0,5310.0,185228.0,4834.693359375
2017-08-31,5390.0,5310.0,5310.0,5375.0,611010.0,4893.8759765625
2017-09-01,5435.0,5360.0,5390.0,5360.0,439261.0,4880.21728515625
2017-09-04,5390.0,5340.0,5340.0,5355.0,254010.0,4875.66552734375
2017-09-05,5375.0,5155.0,5345.0,5165.0,676724.0,4702.67236328125
2017-09-06,5205.0,5095.0,5200.0,5105.0,918147.0,4648.04296875
2017-09-07,5165.0,5095.0,5125.0,5105.0,581861.0,4648.04296875
2017-09-08,5075.0,4980.0,5075.0,5035.0,962600.0,4584.31005859375
2017-09-11,5185.0,5055.0,5070.0,5180.0,1187658.0,4716.330078125
2017-09-12,5185.0,5130.0,5185.0,5140.0,508713.0,4679.91015625
2017-09-13,5220.0,5100.0,5220.0,5170.0,525583.0,4707.22509765625
2017-09-14,5185.0,5075.0,5160.0,5100.0,1124557.0,4643.49072265625
2017-09-15,4997.0,4772.0,4997.0,4783.0,1462952.0,4354.8662109375
2017-09-18,4846.0,4759.0,4799.0,4838.0,836016.0,4404.9423828125
2017-09-19,4835.0,4759.0,4822.0,4760.0,1026798.0,4333.92431640625
2017-09-20,4786.0,4680.7998046875,4764.0,4734.0,632239.0,4310.25146484375
2017-09-21,4790.0,4720.0,4720.0,4751.0,625775.0,4325.72998046875
2017-09-22,4774.0,4731.0,4746.0,4751.0,439610.0,4325.72998046875
2017-09-25,4750.0,4683.0,4721.0,4738.0,650250.0,4313.89404296875
2017-09-26,4908.0,4629.0,4643.0,4865.0,1474253.0,4429.52587890625
2017-09-27,4894.7001953125,4812.0,4853.0,4813.0,852883.0,4382.1806640625
2017-09-28,4812.0,4606.56982421875,4801.0,4730.0,1155386.0,4306.60986328125
2017-09-29,4792.0,4731.0,4739.0,4743.0,799055.0,4318.44677734375
2017-10-02,4795.0,4746.0,4746.0,4794.0,771059.0,4364.880859375
2017-10-03,4812.0,4763.0,4789.0,4795.0,750945.0,4365.7919921875
2017-10-04,4870.0,4775.0,4776.0,4849.0,826229.0,4414.958984375
2017-10-05,4938.0,4851.0,4865.0,4916.0,795149.0,4475.96142578125
2017-10-06,4998.0,4919.0,4938.0,4929.0,833449.0,4487.796875
2017-10-09,4946.0,4904.0,4925.0,4938.0,1418854.0,4495.9912109375
2017-10-10,5025.0,4918.0,4934.0,5025.0,692682.0,4575.2041015625
2017-10-11,5055.0,4999.0,5055.0,5040.0,736356.0,4588.861328125
2017-10-12,5045.0,4987.0,5030.0,5020.0,775404.0,4570.65185546875
2017-10-13,5015.0,4960.0,5005.0,5000.0,507171.0,4552.44140625
2017-10-16,5045.0,4990.0,5025.0,5030.0,705006.0,4579.75634765625
2017-10-17,5090.0,5015.0,5050.0,5080.0,686642.0,4625.28076171875
2017-10-18,5115.0,5010.0,5100.0,5040.0,532316.0,4588.861328125
2017-10-19,5055.0,4936.0,5040.0,4945.0,627189.0,4502.36572265625
2017-10-20,5005.0,4938.0,4970.0,4956.0,579113.0,4512.38037109375
2017-10-23,4972.0,4922.0,4947.0,4970.0,486539.0,4525.12744140625
2017-10-24,5005.0,4959.0,4970.0,4973.0,422795.0,4527.8583984375
2017-10-25,4993.0,4939.0,4990.0,4953.0,540632.0,4509.64892578125
2017-10-26,5030.0,4935.0,4976.0,5015.0,410828.0,4566.099609375
2017-10-27,5100.0,5005.0,5030.0,5085.0,559755.0,4629.8330078125
2017-10-30,5095.0,4993.0,5075.0,4994.0,637037.0,4546.9794921875
2017-10-31,5010.0,4934.0,4934.0,4961.0,764394.0,4516.9326171875
2017-11-01,4994.0,4951.0,4963.0,4963.0,1161512.0,4518.75390625
2017-11-02,4982.0,4839.0,4875.0,4954.0,1092648.0,4510.5595703125
2017-11-03,5005.0,4946.0,4946.0,4975.0,434821.0,4529.68017578125
2017-11-06,5015.0,4931.0,4968.0,4976.0,595469.0,4530.59033203125
2017-11-07,5080.0,4926.0,4990.0,4960.0,1169264.0,4516.02294921875
2017-11-08,5045.0,4897.0,4951.0,4919.0,1115043.0,4478.69189453125
2017-11-09,4990.0,4926.0,4926.0,4950.0,890014.0,4506.91748046875
2017-11-10,4983.0,4772.0,4932.0,4864.0,1541637.0,4428.61572265625
2017-11-13,4964.0,4874.0,4889.0,4947.0,682882.0,4504.18603515625
2017-11-14,5019.5,4938.0,4976.0,4966.0,1117889.0,4521.4853515625
2017-11-15,4974.0,4927.0,4970.0,4945.0,465792.0,4502.36572265625
2017-11-16,4987.0,4939.0,4970.0,4966.0,476890.0,4521.4853515625
2017-11-17,4982.0,4927.0,4940.0,4937.0,558995.0,4495.0810546875
2017-11-20,4986.0,4943.0,4957.0,4955.0,424875.0,4511.47021484375
2017-11-21,5060.0,4949.0,4965.0,5010.0,645642.0,4561.546875
2017-11-22,5070.0,4986.0,5010.0,5000.0,587395.0,4552.44140625
2017-11-23,5000.0,4933.0,4963.0,4962.0,280706.0,4548.1572265625
2017-11-24,4963.0,4936.0,4944.0,4958.0,351360.0,4544.49072265625
2017-11-27,4993.0,4952.0,4958.0,4963.0,667213.0,4549.07373046875
2017-11-28,5020.0,4951.0,4957.0,5010.0,565579.0,4592.154296875
2017-11-29,4958.0,4858.0,4909.0,4859.0,810993.0,4453.748046875
2017-11-30,4885.0,4735.0,4850.0,4766.0,1134907.0,4368.50439453125
2017-12-01,4836.0,4751.0,4766.0,4764.0,2436095.0,4366.6708984375
2017-12-04,4973.0,4807.0,4807.0,4931.0,832073.0,4519.7431640625
2017-12-05,4979.0,4890.0,4930.0,4890.0,785644.0,4482.16259765625
2017-12-06,4992.0,4861.0,4931.0,4868.0,940463.0,4461.9970703125
2017-12-07,4977.0,4850.0,4872.0,4853.0,561284.0,4448.2490234375
2017-12-08,4952.0,4844.0,4851.0,4928.0,583717.0,4516.99267578125
2017-12-11,4950.0,4875.0,4938.0,4917.0,821783.0,4506.91015625
2017-12-12,4927.0,4876.0,4902.0,4899.0,1000565.0,4490.41259765625
2017-12-13,4916.0,4846.0,4900.0,4878.22998046875,878347.0,4471.37451171875
2017-12-14,4815.0,4756.0,4772.0,4777.0,834894.0,4378.58642578125
2017-12-15,4840.0,4721.0,4759.0,4830.0,1572632.0,4427.1669921875
2017-12-18,4906.0,4842.0,4857.0,4845.0,651736.0,4440.91552734375
2017-12-19,5045.0,4745.0,4750.0,4982.0,985619.0,4566.48974609375
2017-12-20,5055.0,4955.0,5015.0,4964.0,806322.0,4549.99072265625
2017-12-21,4956.0,4872.0,4946.0,4878.0,856261.0,4471.16357421875
2017-12-22,4912.0,4872.0,4875.0,4903.0,242361.0,4494.07861328125
2017-12-27,4889.0,4841.0,4887.0,4879.0,750885.0,4472.07958984375
2017-12-28,4940.0,4876.0,4903.0,4890.0,324609.0,4482.16259765625
2017-12-29,4933.0,4882.0,4933.0,4892.0,247154.0,4483.99609375
2018-01-02,4936.0,4856.0,4874.0,4902.0,908912.0,4493.16162109375
2018-01-03,4908.0,4856.0,4890.0,4877.0,364669.0,4470.2470703125
2018-01-04,4913.0,4852.0,4890.0,4865.0,656452.0,4459.24755859375
2018-01-05,4915.0,4843.0,4859.0,4852.0,463202.0,4447.33154296875
2018-01-08,4858.0,4804.0,4851.0,4817.0,476928.0,4415.2509765625
2018-01-09,4952.0,4873.0,4925.0,4920.0,1218408.0,4509.66015625
2018-01-10,5060.0,4907.0,4924.0,5060.0,1455486.0,4637.98388671875
2018-01-11,5090.0,5016.0,5058.0,5046.0,1399826.0,4625.15234375
2018-01-12,5084.0,5026.0,5060.0,5040.0,1264686.0,4619.65234375
2018-01-15,5068.0,5028.0,5042.0,5030.0,374629.0,4610.48583984375
2018-01-16,5036.0,4980.0,5032.0,5000.0,1748695.0,4582.98779296875
2018-01-17,4989.0,4931.0,4981.0,4950.0,686061.0,4537.15869140625
2018-01-18,4985.0,4931.0,4965.0,4942.0,484595.0,4529.82568359375
2018-01-19,5002.0,4942.0,4946.0,4975.0,562488.0,4560.0732421875
2018-01-22,4966.0,4873.0,4966.0,4881.0,1000217.0,4473.9130859375
2018-01-23,4936.0,4877.0,4905.0,4928.0,673997.0,4516.99267578125
2018-01-24,4939.0,4827.0,4876.0,4904.0,1551488.0,4494.99462890625
2018-01-25,4930.0,4867.0,4910.0,4879.0,1087396.0,4472.07958984375
2018-01-26,4948.0,4900.0,4902.0,4940.0,622476.0,4527.9931640625
2018-01-29,5022.0,4940.0,4940.0,5020.0,971721.0,4601.3203125
2018-01-30,5058.0,4979.0,4994.0,5034.0,780506.0,4614.15283203125
2018-01-31,5030.0,4956.0,5028.0,4970.0,902263.0,4555.49072265625
2018-02-01,5072.0,4969.0,4987.0,4982.0,980103.0,4566.48974609375
2018-02-02,4993.0,4930.0,4950.0,4939.0,813935.0,4527.07568359375
2018-02-05,4953.0,4853.0,4902.0,4950.0,680878.0,4537.15869140625
2018-02-06,4884.0,4774.0,4810.0,4792.0,1976220.0,4392.3359375
2018-02-07,4961.0,4813.0,4856.0,4932.0,891595.0,4520.65966796875
2018-02-08,4933.0,4820.0,4908.0,4832.0,630248.0,4428.99951171875
2018-02-09,4838.0,4749.0,4827.0,4787.0,719387.0,4387.75244140625
2018-02-12,4886.0,4811.0,4828.0,4851.0,727050.0,4446.4150390625
2018-02-13,4927.0,4841.0,4841.0,4861.0,729478.0,4455.5810546875
2018-02-14,4896.0,4814.0,4896.0,4853.0,1537612.0,4448.2490234375
2018-02-15,4937.0,4841.0,4901.0,4862.0,912295.0,4456.498046875
2018-02-16,4876.0,4795.0,4871.0,4811.0,1475248.0,4409.75244140625
2018-02-19,4868.0,4814.0,4816.0,4823.0,513245.0,4420.7509765625
2018-02-20,4875.0,4793.0,4825.0,4870.0,1407770.0,4463.830078125
2018-02-21,4936.0,4858.0,4865.0,4923.0,978743.0,4512.40966796875
2018-02-22,4882.0,4828.0,4864.0,4839.0,874089.0,4465.10595703125
2018-02-23,4843.0,4786.0,4843.0,4797.0,604095.0,4426.3505859375
2018-02-26,4842.0,4794.0,4808.0,4829.0,638651.0,4455.87890625
2018-02-27,4856.0,4803.0,4825.0,4821.0,795365.0,4448.49658203125
2018-02-28,4833.0,4772.0,4781.0,4799.0,1013583.0,4428.1962890625
2018-03-01,4806.0,4721.0,4803.0,4742.0,823228.0,4375.60009765625
2018-03-02,4719.0,4611.0,4714.0,4621.0,813844.0,4263.9501953125
2018-03-05,4653.0,4603.0,4620.0,4644.0,1041020.0,4285.17333984375
2018-03-06,4679.0,4622.0,4639.0,4644.0,782813.0,4285.17333984375
2018-03-07,4675.0,4636.0,4650.0,4650.0,789497.0,4290.708984375
2018-03-08,4753.0,4650.0,4651.0,4743.0,1691617.0,4376.5234375
2018-03-09,4759.0,4706.0,4735.0,4738.0,748920.0,4371.90966796875
2018-03-12,4784.0,4752.0,4760.0,4763.0,593715.0,4394.97802734375
2018-03-13,4791.0,4739.0,4757.0,4755.0,724786.0,4387.59619140625
2018-03-14,4750.0,4696.0,4739.0,4711.0,572728.0,4346.99560546875
2018-03-15,4725.0,4696.0,4714.0,4700.0,583052.0,4336.84619140625
2018-03-16,4741.0,4686.0,4700.0,4698.0,1398886.0,4335.0
2018-03-19,4747.0,4678.0,4702.0,4735.0,520705.0,4369.1416015625
2018-03-20,4816.0,4732.0,4762.0,4765.0,878725.0,4396.82373046875
2018-03-21,4754.0,4667.0,4754.0,4667.0,890894.0,4306.3955078125
2018-03-22,4789.0,4578.0,4635.0,4683.0,1293223.0,4321.15869140625
2018-03-23,4705.0,4544.0,4679.0,4584.0,1299725.0,4229.80908203125
2018-03-26,4576.0,4484.0,4551.0,4494.0,1094536.0,4146.76220703125
2018-03-27,4630.0,4521.0,4527.0,4626.0,798896.0,4268.56396484375
2018-03-28,4623.0,4523.0,4585.0,4548.0,836247.0,4196.59033203125
2018-03-29,4605.0,4520.0,4537.0,4580.0,886115.0,4226.1181640625
2018-04-03,4590.0,4538.0,4560.0,4544.0,825090.0,4192.89990234375
2018-04-04,4557.0,4501.0,4532.0,4557.0,891347.0,4204.89501953125
2018-04-05,4646.0,4582.0,4615.0,4642.0,700939.0,4283.328125
2018-04-06,4658.0,4600.0,4653.0,4624.0,601472.0,4266.7177734375
2018-04-09,4633.0,4571.0,4609.0,4613.0,662340.0,4256.56787109375
2018-04-10,4647.0,4575.0,4624.0,4600.0,1045412.0,4244.572265625
2018-04-11,4543.0,4427.0,4505.0,4501.0,1515504.0,4153.2216796875
2018-04-12,4527.0,4484.0,4484.0,4510.0,678249.0,4161.5263671875
2018-04-13,4516.0,4463.0,4486.0,4470.0,785553.0,4124.61669921875
2018-04-16,4471.0,4432.0,4457.0,4468.0,910193.0,4122.771484375
2018-04-17,4549.0,4471.0,4478.0,4535.0,936660.0,4184.5947265625
2018-04-18,4604.0,4503.0,4514.0,4601.0,751157.0,4245.4951171875
2018-04-19,4632.0,4594.0,4608.0,4612.0,1242101.0,4255.646484375
2018-04-20,4701.0,4615.0,4635.0,4673.0,802224.0,4311.931640625
2018-04-23,4755.0,4667.0,4686.0,4741.0,726338.0,4374.67724609375
2018-04-24,4765.0,4709.0,4737.0,4734.0,741927.0,4368.21875
2018-04-25,4720.0,4666.0,4708.0,4692.0,540468.0,4329.4638671875
2018-04-26,4759.0,4654.0,4696.0,4677.0,1162666.0,4315.623046875
2018-04-27,4742.0,4608.0,4667.0,4732.0,1239460.0,4366.37353515625
2018-04-30,4798.0,4695.0,4749.0,4725.0,1337383.0,4359.9140625
2018-05-01,4735.0,4647.0,4689.0,4706.0,724442.0,4342.38134765625
2018-05-02,4792.0,4732.0,4740.0,4757.0,772933.0,4389.4404296875
2018-05-03,4762.0,4673.0,4739.0,4699.0,887935.0,4335.9228515625
2018-05-04,4765.0,4710.0,4718.0,4754.0,1471063.0,4386.67333984375
2018-05-08,4829.0,4748.0,4760.0,4827.0,978603.0,4454.03271484375
2018-05-09,4833.0,4767.0,4800.0,4797.0,1154260.0,4426.3505859375
2018-05-10,4865.0,4819.0,4820.0,4858.0,585982.0,4482.63720703125
2018-05-11,4878.0,4809.0,4861.0,4828.0,588817.0,4454.95556640625
2018-05-14,4877.0,4803.0,4830.0,4875.0,583245.0,4498.32421875
2018-05-15,4942.0,4869.0,4880.0,4912.0,923897.0,4532.46533203125
2018-05-16,4965.0,4912.0,4912.0,4961.0,829544.0,4577.67919921875
2018-05-17,4973.0,4917.0,4945.0,4946.0,851648.0,4563.837890625
2018-05-18,4954.0,4874.0,4924.0,4923.0,652278.0,4542.61474609375
2018-05-21,4976.0,4922.0,4922.0,4953.0,576144.0,4570.296875
2018-05-22,4959.0,4914.0,4956.0,4949.0,837666.0,4566.6064453125
2018-05-23,4997.0,4912.0,4949.0,4937.0,1829517.0,4555.53271484375
2018-05-24,4925.0,4875.0,4903.0,4883.0,682571.0,4540.21728515625
2018-05-25,4950.0,4899.0,4899.0,4935.0,572840.0,4588.56787109375
2018-05-29,4945.0,4842.0,4945.0,4842.0,590111.0,4502.095703125
2018-05-30,4869.0,4801.0,4849.0,4843.0,564836.0,4503.02587890625
2018-05-31,4878.0,4818.0,4853.0,4837.0,1370855.0,4497.44677734375
2018-06-01,4868.0,4807.0,4868.0,4810.0,759346.0,4472.341796875
2018-06-04,4873.0,4809.0,4827.0,4873.0,637913.0,4530.91943359375
2018-06-05,4856.0,4502.0,4856.0,4561.0,3208427.0,4240.82080078125
2018-06-06,4586.0,4506.0,4562.0,4576.0,1142356.0,4254.76806640625
2018-06-07,4635.0,4542.0,4619.0,4542.0,1173303.0,4223.15576171875
2018-06-08,4566.0,4511.0,4553.0,4520.0,799021.0,4202.7001953125
2018-06-11,4591.0,4526.0,4537.0,4571.0,580005.0,4250.119140625
2018-06-12,4650.0,4541.0,4579.0,4635.0,911466.0,4309.626953125
2018-06-13,4744.0,4616.0,4636.0,4707.0,911532.0,4376.572265625
2018-06-14,4829.0,4685.0,4715.0,4774.0,921669.0,4438.86865234375
2018-06-15,4827.0,4767.0,4790.0,4789.0,2246090.0,4452.81591796875
2018-06-18,4858.0,4787.0,4820.0,4798.0,802610.0,4461.1845703125
2018-06-19,4843.0,4768.0,4769.0,4778.0,1124110.0,4442.5888671875
2018-06-20,4858.0,4784.0,4820.0,4784.0,1419347.0,4448.1669921875
2018-06-21,4800.0,4704.0,4788.0,4704.0,1081675.0,4373.783203125
2018-06-22,4748.0,4681.0,4704.0,4743.0,893768.0,4410.0458984375
2018-06-25,4775.0,4215.0,4674.0,4215.0,1752184.0,3919.111083984375
2018-06-26,4453.0,4301.0,4310.0,4347.0,2229930.0,4041.844482421875
2018-06-27,4525.0,4411.0,4461.0,4479.0,1687590.0,4164.578125
2018-06-28,4466.0,4344.0,4440.0,4415.0,1551488.0,4105.07080078125
2018-06-29,4418.0,4336.0,4415.0,4347.0,1359808.0,4041.844482421875
2018-07-02,4337.0,4268.0,4305.0,4295.0,1197480.0,3993.4951171875
2018-07-03,4319.0,4259.0,4302.0,4273.0,1377006.0,3973.0390625
2018-07-04,4272.0,4236.0,4272.0,4270.0,616296.0,3970.25
2018-07-05,4295.0,4248.0,4281.0,4263.0,697820.0,3963.740966796875
2018-07-06,4302.0,4261.0,4281.0,4302.0,1001056.0,4000.00341796875
2018-07-09,4344.0,4257.0,4324.0,4290.0,2022350.0,3988.845458984375
2018-07-10,4326.0,4210.0,4305.0,4320.0,1603024.0,4016.73974609375
2018-07-11,4320.0,4239.0,4311.0,4292.0,1479408.0,3990.704833984375
2018-07-12,4350.0,4289.0,4295.0,4327.0,922412.0,4023.248291015625
2018-07-13,4383.0,4318.0,4361.0,4318.0,623857.0,4014.8798828125
2018-07-16,4332.0,4270.0,4320.0,4287.0,692409.0,3986.05615234375
2018-07-17,4395.0,4317.0,4322.0,4388.0,2089084.0,4079.966796875
2018-07-18,4493.0,4367.0,4393.0,4473.0,1560300.0,4158.9990234375
2018-07-19,4496.0,4446.0,4460.0,4451.0,1054044.0,4138.54345703125
2018-07-20,4458.0,4399.0,4448.0,4417.0,785536.0,4106.92919921875
2018-07-23,4397.0,4343.0,4381.0,4382.0,684635.0,4074.386474609375
2018-07-24,4445.0,4362.0,4399.0,4362.0,1112453.0,4055.791015625
2018-07-25,4362.0,4271.0,4360.0,4277.0,719390.0,3976.75830078125
2018-07-26,4343.0,4265.0,4298.0,4323.0,965191.0,4019.529296875
2018-07-27,4371.0,4314.0,4333.0,4354.0,728406.0,4048.353271484375
2018-07-30,4395.0,4327.0,4342.0,4392.0,545306.0,4083.684814453125
2018-07-31,4432.0,4376.0,4380.0,4425.0,1501858.0,4114.369140625
2018-08-01,4445.0,4391.0,4434.0,4415.0,556671.0,4105.07080078125
2018-08-02,4403.0,4314.0,4403.0,4385.0,1219573.0,4077.17724609375
2018-08-03,4485.0,4400.0,4419.0,4457.0,800897.0,4144.12255859375
2018-08-06,4459.0,4412.0,4449.0,4424.0,866512.0,4113.43896484375
2018-08-07,4454.0,4407.0,4435.0,4424.0,595696.0,4113.43896484375
2018-08-08,4523.0,4433.0,4433.0,4493.0,554947.0,4177.595703125
2018-08-09,4549.0,4458.0,4492.0,4531.0,879589.0,4212.92724609375
2018-08-10,4657.0,4518.0,4518.0,4623.0,1370300.0,4298.46923828125
2018-08-13,4614.0,4536.0,4612.0,4570.0,1281015.0,4249.189453125
2018-08-14,4601.0,4524.0,4580.0,4546.0,1050728.0,4226.87451171875
2018-08-15,4592.0,4503.0,4580.0,4531.0,958529.0,4212.92724609375
2018-08-16,4601.0,4541.0,4541.0,4599.0,703941.0,4276.154296875
2018-08-17,4616.0,4562.0,4590.0,4616.0,935923.0,4291.96044921875
2018-08-20,4660.0,4614.0,4620.0,4634.0,1418857.0,4308.697265625
2018-08-21,4693.0,4622.0,4641.0,4659.0,2198263.0,4331.94189453125
2018-08-22,4684.0,4625.0,4638.0,4679.0,727596.0,4350.53857421875
2018-08-23,4653.0,4612.0,4648.0,4626.0,884528.0,4337.404296875
2018-08-24,4684.0,4615.0,4640.0,4666.0,581504.0,4374.9091796875
2018-08-28,4698.0,4640.0,4687.0,4642.0,709877.0,4352.40673828125
2018-08-29,4716.0,4644.0,4688.0,4693.0,879071.0,4400.224609375
2018-08-30,4663.0,4618.0,4661.0,4632.0,577850.0,4343.03076171875
2018-08-31,4659.0,4620.0,4621.0,4631.0,914394.0,4342.0927734375
2018-09-03,4693.0,4637.0,4637.0,4667.0,368885.0,4375.8466796875
2018-09-04,4701.0,4629.0,4669.0,4653.0,1005601.0,4362.7197265625
2018-09-05,4647.0,4570.0,4635.0,4592.0,969540.0,4305.52587890625
2018-09-06,4656.0,4576.0,4600.0,4618.0,991461.0,4329.90380859375
2018-09-07,4661.0,4587.0,4647.0,4634.0,1320821.0,4344.90478515625
2018-09-10,4686.0,4648.0,4666.0,4659.0,684455.0,4368.345703125
2018-09-11,4665.0,4634.0,4648.0,4659.0,1052310.0,4368.345703125
2018-09-12,4675.0,4618.0,4654.0,4658.0,661855.0,4367.40869140625
2018-09-13,4662.0,4578.0,4658.0,4620.0,1225358.0,4331.77880859375
2018-09-14,4721.0,4641.0,4651.0,4704.0,939137.0,4410.53857421875
2018-09-17,4830.0,4713.0,4720.0,4815.0,897994.0,4514.61328125
2018-09-18,4847.0,4784.0,4811.0,4825.0,956719.0,4523.9892578125
2018-09-19,4894.0,4835.0,4860.0,4877.0,968439.0,4572.74560546875
2018-09-20,4911.0,4860.0,4880.0,4880.0,701194.0,4575.55908203125
2018-09-21,5008.0,4912.0,4915.0,5000.0,1561374.0,4688.072265625
2018-09-24,5006.0,4894.0,5000.0,4948.0,656562.0,4639.31689453125
2018-09-25,4973.0,4921.0,4950.0,4935.0,785789.0,4627.1279296875
2018-09-26,4996.0,4904.0,4924.0,4993.0,943995.0,4681.50927734375
2018-09-27,5030.0,4580.0,4980.0,4735.0,2750176.0,4439.6044921875
2018-09-28,4830.0,4724.0,4738.0,4764.0,1739383.0,4466.794921875
2018-10-01,4837.0,4750.0,4764.0,4819.0,896903.0,4518.3642578125
2018-10-02,4800.0,4742.0,4775.0,4757.0,845733.0,4460.232421875
2018-10-03,4754.0,4692.0,4754.0,4712.0,1144783.0,4418.03955078125
2018-10-04,4701.0,4629.0,4699.0,4645.0,815596.0,4355.21875
2018-10-05,4648.0,4548.0,4648.0,4548.0,788608.0,4264.27099609375
2018-10-08,4553.0,4500.0,4527.0,4515.0,828166.0,4233.3291015625
2018-10-09,4540.0,4465.0,4513.0,4530.0,1336495.0,4247.39306640625
2018-10-10,4519.0,4423.0,4507.0,4423.0,802702.0,4147.06884765625
2018-10-11,4379.0,4279.0,4324.0,4315.0,1095825.0,4045.806640625
2018-10-12,4391.0,4311.0,4359.0,4329.0,742436.0,4058.93310546875
2018-10-15,4358.0,4304.0,4307.0,4341.0,730243.0,4070.184326171875
2018-10-16,4380.0,4295.0,4327.0,4373.0,775338.0,4100.1884765625
2018-10-17,4403.0,4365.0,4391.0,4384.0,819237.0,4110.501953125
2018-10-18,4434.0,4366.0,4396.0,4366.0,557666.0,4093.624755859375
2018-10-19,4353.0,4287.0,4352.0,4325.0,736972.0,4055.182373046875
2018-10-22,4347.0,4271.0,4310.0,4271.0,800872.0,4004.551025390625
2018-10-23,4250.0,4184.0,4234.0,4212.0,1061158.0,3949.231689453125
2018-10-24,4290.0,4197.0,4280.0,4197.0,1220061.0,3935.167724609375
2018-10-25,4233.0,4130.0,4175.0,4233.0,2798756.0,3968.922119140625
2018-10-26,4247.0,4138.0,4208.0,4204.0,845066.0,3941.7314453125
2018-10-29,4235.0,4142.0,4185.0,4160.0,1250016.0,3900.4765625
2018-10-30,4173.0,4121.0,4163.0,4166.0,1010588.0,3906.10205078125
2018-10-31,4284.0,4177.0,4187.0,4263.0,1111371.0,3997.05078125
2018-11-01,4344.0,4252.0,4277.0,4330.0,710638.0,4059.870849609375
2018-11-02,4388.0,4287.0,4370.0,4299.0,516617.0,4030.8046875
2018-11-05,4298.0,4248.0,4284.0,4248.0,533850.0,3982.986572265625
2018-11-06,4254.0,4187.0,4251.0,4206.0,764199.0,3943.606689453125
2018-11-07,4283.0,4226.0,4241.0,4279.0,756828.0,4012.052490234375
2018-11-08,4446.0,4309.0,4332.0,4331.0,1082201.0,4060.808349609375
2018-11-09,4380.0,4318.0,4327.0,4371.0,563444.0,4098.3125
2018-11-12,4430.0,4351.0,4430.0,4376.0,790420.0,4103.0009765625
2018-11-13,4446.0,4374.0,4387.0,4433.0,847073.0,4156.44482421875
2018-11-14,4486.0,4388.0,4417.0,4435.0,871562.0,4158.3203125
2018-11-15,4497.0,4433.0,4444.0,4494.0,894824.0,4213.6396484375
2018-11-16,4550.0,4496.0,4519.0,4520.0,745879.0,4238.01708984375
2018-11-19,4560.0,4475.0,4523.0,4478.0,724188.0,4198.6376953125
2018-11-20,4490.0,4404.0,4477.0,4461.0,987376.0,4182.6982421875
2018-11-21,4606.0,4516.0,4552.0,4604.0,910664.0,4316.77685546875
2018-11-22,4586.0,4512.0,4583.0,4514.0,403024.0,4268.8310546875
2018-11-23,4628.0,4513.0,4518.0,4620.0,578011.0,4369.07373046875
2018-11-26,4687.0,4608.0,4675.0,4633.0,572678.0,4381.36767578125
2018-11-27,4658.0,4609.0,4641.0,4627.0,794289.0,4375.69384765625
2018-11-28,4671.0,4580.0,4646.0,4650.0,1142161.0,4397.4443359375
2018-11-29,4696.0,4594.0,4671.0,4628.0,619189.0,4376.63916015625
2018-11-30,4622.0,4547.0,4622.0,4553.0,1549705.0,4305.712890625
2018-12-03,4666.0,4604.0,4617.0,4630.0,768260.0,4378.5302734375
2018-12-04,4644.0,4497.0,4624.0,4521.0,1390561.0,4275.45068359375
2018-12-05,4490.0,4403.0,4484.0,4419.0,696994.0,4178.9912109375
2018-12-06,4412.0,4338.0,4379.0,4350.0,1437274.0,4113.73876953125
2018-12-07,4474.0,4369.0,4383.0,4373.0,944976.0,4135.4892578125
2018-12-10,4372.0,4293.0,4371.0,4305.0,1007219.0,4071.1826171875
2018-12-11,4420.0,4325.0,4344.0,4358.0,788269.0,4121.3037109375
2018-12-12,4436.0,4355.0,4360.0,4389.0,1165701.0,4150.6201171875
2018-12-13,4420.0,4340.0,4385.0,4352.0,673966.0,4115.63037109375
2018-12-14,4382.0,4303.0,4303.0,4371.0,779759.0,4133.59765625
2018-12-17,4383.0,4328.0,4375.0,4370.0,776171.0,4132.65185546875
2018-12-18,4401.0,4342.0,4375.0,4345.0,828551.0,4109.01025390625
2018-12-19,4384.0,4318.0,4321.0,4348.0,787223.0,4111.84716796875
2018-12-20,4206.0,3877.0,4186.0,3877.0,1611252.0,3666.428466796875
2018-12-21,3896.0,3737.0,3803.0,3781.0,1778751.0,3575.642578125
2018-12-24,3740.0,3659.0,3718.0,3659.0,393891.0,3460.268798828125
2018-12-27,3714.0,3611.0,3671.0,3667.0,1373139.0,3467.834228515625
2018-12-28,3759.0,3694.0,3696.0,3758.0,1039386.0,3553.891357421875
2018-12-31,3772.0,3734.0,3772.0,3763.0,271983.0,3558.620361328125
2019-01-02,3851.0,3702.0,3764.0,3841.0,1049769.0,3632.3837890625
2019-01-03,3836.0,3709.0,3832.0,3731.0,897737.0,3528.35791015625
2019-01-04,3822.0,3691.0,3700.0,3808.0,903920.0,3601.17626953125
2019-01-07,3922.0,3817.0,3860.0,3922.0,1641572.0,3708.984619140625
2019-01-08,4082.0,3906.0,3924.0,4010.0,1534356.0,3792.20458984375
2019-01-09,4077.0,4000.0,4035.0,4045.0,1103187.0,3825.303955078125
2019-01-10,4062.0,3973.0,4006.0,4034.0,868988.0,3814.9013671875
2019-01-11,4091.0,4013.0,4035.0,4038.0,1138032.0,3818.684326171875
2019-01-14,4074.0,4001.0,4002.0,4035.0,716725.0,3815.846923828125
2019-01-15,4101.0,4032.0,4035.0,4071.0,879563.0,3849.891845703125
2019-01-16,4111.0,4032.0,4086.0,4057.0,1463282.0,3836.652099609375
2019-01-17,4087.0,4011.0,4060.0,4087.0,825237.0,3865.022705078125
2019-01-18,4196.0,4097.0,4099.0,4168.0,1337505.0,3941.623046875
2019-01-21,4193.0,4145.0,4158.0,4151.0,813274.0,3925.546875
2019-01-22,4194.0,4127.0,4152.0,4157.0,1176943.0,3931.220703125
2019-01-23,4180.0,4068.0,4180.0,4068.0,965796.0,3847.054443359375
2019-01-24,4126.0,4059.0,4088.0,4100.0,818499.0,3877.31689453125
2019-01-25,4149.0,4092.0,4141.0,4101.0,958070.0,3878.262451171875
2019-01-28,4171.0,4093.0,4100.0,4162.0,905722.0,3935.948974609375
2019-01-29,4205.0,4157.0,4185.0,4163.0,628744.0,3936.89453125
2019-01-30,4310.0,4180.0,4193.0,4263.0,904046.0,4031.4638671875
2019-01-31,4353.0,4257.0,4273.0,4308.0,1555381.0,4074.02001953125
2019-02-01,4354.0,4282.0,4286.0,4324.0,898655.0,4089.150390625
2019-02-04,4362.0,4303.0,4310.0,4350.0,569539.0,4113.73876953125
2019-02-05,4434.0,4337.0,4354.0,4430.0,908004.0,4189.3935546875
2019-02-06,4448.0,4392.0,4408.0,4395.0,644592.0,4156.29443359375
2019-02-07,4394.0,4322.0,4375.0,4322.0,607662.0,4087.2587890625
2019-02-08,4306.0,4229.0,4294.0,4230.0,681012.0,4000.256103515625
2019-02-11,4336.0,4265.0,4269.0,4327.0,720820.0,4091.9873046875
2019-02-12,4346.0,4282.0,4325.0,4301.0,1012040.0,4067.3994140625
2019-02-13,4343.0,4269.0,4270.0,4341.0,643845.0,4105.2275390625
2019-02-14,4406.0,4321.0,4355.0,4339.0,767131.0,4103.33642578125
2019-02-15,4388.0,4322.0,4337.0,4338.0,570319.0,4102.390625
2019-02-18,4342.0,4275.0,4320.0,4288.0,383404.0,4055.106201171875
2019-02-19,4380.0,4289.0,4293.0,4373.0,621592.0,4135.4892578125
2019-02-20,4384.0,4319.0,4358.0,4351.0,584975.0,4114.68408203125
2019-02-21,4404.0,4298.0,4342.0,4371.0,937661.0,4169.83740234375
2019-02-22,4406.0,4343.0,4366.0,4351.0,603396.0,4150.75830078125
2019-02-25,4393.0,4329.0,4358.0,4347.0,774907.0,4146.9423828125
2019-02-26,4346.0,4281.0,4320.0,4309.0,538934.0,4110.69091796875
2019-02-27,4276.0,4193.0,4271.0,4210.0,488253.0,4016.247314453125
2019-02-28,4218.0,4184.0,4214.0,4216.0,760816.0,4021.97119140625
2019-03-01,4296.0,4230.0,4230.0,4267.0,637829.0,4070.624267578125
2019-03-04,4271.0,4210.0,4269.0,4210.0,466722.0,4016.247314453125
2019-03-05,4246.0,4167.0,4185.0,4246.0,752341.0,4050.5908203125
2019-03-06,4226.0,4182.0,4226.0,4195.0,762203.0,4001.9375
2019-03-07,4147.0,4078.0,4124.0,4093.0,831642.0,3904.632080078125
2019-03-08,4105.0,4063.0,4063.0,4084.0,535272.0,3896.046142578125
2019-03-11,4144.0,4094.0,4118.0,4120.0,728435.0,3930.38916015625
2019-03-12,4156.0,4078.0,4136.0,4120.0,651185.0,3930.38916015625
2019-03-13,4191.0,4134.0,4170.0,4145.0,823789.0,3954.23876953125
2019-03-14,4147.0,4098.0,4125.0,4102.0,604062.0,3913.218017578125
2019-03-15,4194.0,4137.0,4153.0,4165.0,1598767.0,3973.318603515625
2019-03-18,4220.0,4131.0,4162.0,4185.0,760029.0,3992.39794921875
2019-03-19,4221.0,4181.0,4181.0,4207.0,375791.0,4013.3857421875
2019-03-20,4217.0,4142.0,4208.0,4150.0,618730.0,3959.00830078125
2019-03-21,4249.0,4139.0,4139.0,4237.0,630355.0,4042.004638671875
2019-03-22,4241.0,4132.0,4241.0,4136.0,562794.0,3945.653076171875
2019-03-25,4170.0,4098.0,4135.0,4151.0,652588.0,3959.96240234375
2019-03-26,4174.0,3790.0,4174.0,3800.0,2157507.0,3625.1162109375
2019-03-27,3834.0,3723.0,3801.0,3731.0,1325955.0,3559.291748046875
2019-03-28,3759.0,3672.0,3703.0,3714.0,1364865.0,3543.07421875
2019-03-29,3773.0,3693.0,3720.0,3765.0,1056718.0,3591.72705078125
2019-04-01,3827.0,3755.0,3768.0,3813.0,723304.0,3637.51806640625
2019-04-02,3907.0,3822.0,3840.0,3883.0,846649.0,3704.29638671875
2019-04-03,3941.0,3851.0,3864.0,3941.0,984276.0,3759.627197265625
2019-04-04,3948.0,3906.0,3943.0,3941.0,517067.0,3759.627197265625
2019-04-05,3962.0,3926.0,3934.0,3954.0,533594.0,3772.02880859375
2019-04-08,3989.0,3921.0,3952.0,3931.0,338846.0,3750.08740234375
2019-04-09,3936.0,3879.0,3899.0,3888.0,915446.0,3709.06640625
2019-04-10,3902.0,3847.0,3869.0,3884.0,709658.0,3705.25048828125
2019-04-11,3945.0,3888.0,3888.0,3930.0,701969.0,3749.133544921875
2019-04-12,3969.0,3913.0,3928.0,3966.0,518002.0,3783.4765625
2019-04-15,4034.0,3973.0,3974.0,3984.0,555321.0,3800.648193359375
2019-04-16,4063.0,3966.0,3994.0,4046.0,516896.0,3859.794921875
2019-04-17,4124.0,4066.0,4069.0,4099.0,470868.0,3910.35546875
2019-04-18,4102.0,4008.0,4078.0,4036.0,511385.0,3850.25537109375
2019-04-23,4061.0,3980.0,4012.0,4061.0,503519.0,3874.104736328125
2019-04-24,4072.0,3994.0,4048.0,4000.0,576909.0,3815.911865234375
2019-04-25,4080.0,4007.0,4050.0,4041.0,635501.0,3855.02490234375
2019-04-26,4089.0,4028.0,4069.0,4080.0,495776.0,3892.22998046875
2019-04-29,4101.0,4073.0,4075.0,4076.0,329428.0,3888.4140625
2019-04-30,4098.0,4026.0,4096.0,4035.0,602998.0,3849.301025390625
2019-05-01,4148.0,4034.0,4079.0,4120.0,542655.0,3930.38916015625
2019-05-02,4175.0,4075.0,4175.0,4080.0,664056.0,3892.22998046875
2019-05-03,4067.0,3997.0,4039.0,4013.0,480508.0,3828.313720703125
2019-05-07,4035.0,3987.0,4026.0,3988.0,956186.0,3804.464111328125
2019-05-08,4023.0,3921.0,3980.0,4022.0,701548.0,3836.8994140625
2019-05-09,4002.0,3947.0,3987.0,3958.0,674945.0,3775.844970703125
2019-05-10,4016.0,3922.0,3986.0,3949.0,435280.0,3767.259033203125
2019-05-13,4008.0,3911.0,3990.0,3911.0,603266.0,3731.0078125
2019-05-14,4001.0,3917.0,3941.0,3988.0,618547.0,3804.464111328125
2019-05-15,4037.0,3985.0,4020.0,4001.0,807593.0,3816.865966796875
2019-05-16,4080.0,3987.0,4010.0,4080.0,618903.0,3892.22998046875
2019-05-17,4078.0,4017.0,4078.0,4039.0,486098.0,3853.1171875
2019-05-20,4048.0,3950.0,4030.0,3968.0,721653.0,3785.384521484375
2019-05-21,4011.0,3973.0,3975.0,3991.0,401262.0,3807.325927734375
2019-05-22,4040.0,4007.0,4022.0,4023.0,447683.0,3837.853515625
2019-05-23,3983.0,3908.0,3983.0,3948.0,492435.0,3803.6806640625
2019-05-24,3962.0,3921.0,3948.0,3925.0,513214.0,3781.521240234375
2019-05-28,3994.0,3916.0,3941.0,3950.0,2962230.0,3805.607177734375
2019-05-29,3933.0,3870.0,3933.0,3899.0,313134.0,3756.4716796875
2019-05-30,3968.0,3902.0,3914.0,3928.0,349397.0,3784.41162109375
2019-05-31,3922.0,3892.0,3901.0,3910.0,504350.0,3767.069580078125
2019-06-03,3924.0,3845.0,3899.0,3898.0,593032.0,3755.50830078125
2019-06-04,3936.0,3868.0,3880.0,3884.0,484729.0,3742.02001953125
2019-06-05,4025.0,3850.0,3972.0,3876.0,986683.0,3734.3125
2019-06-06,3902.0,3774.0,3874.0,3831.0,889840.0,3690.95751953125
2019-06-07,3935.0,3838.0,3874.0,3928.0,846083.0,3784.41162109375
2019-06-10,4025.0,3920.0,3953.0,4008.0,1058187.0,3861.4873046875
2019-06-11,4074.0,4004.0,4038.0,4013.0,708832.0,3866.304443359375
2019-06-12,4055.0,4005.0,4019.0,4030.0,488287.0,3882.682861328125
2019-06-13,4052.0,3995.0,4029.0,4003.0,481988.0,3856.670166015625
2019-06-14,4039.0,3990.0,3994.0,4033.0,701365.0,3885.5732421875
2019-06-17,4079.0,4040.0,4051.0,4058.0,429224.0,3909.6591796875
2019-06-18,4071.0,3962.0,4012.0,4031.0,681420.0,3883.646484375
2019-06-19,4064.0,3989.0,4021.0,4033.0,612883.0,3885.5732421875
2019-06-20,4037.0,3500.0,4016.0,3549.0,2915703.0,3419.26611328125
2019-06-21,3665.0,3443.0,3645.0,3485.0,4376846.0,3357.60546875
2019-06-24,3468.0,3354.0,3440.0,3442.0,2073893.0,3316.177490234375
2019-06-25,3441.0,3400.0,3416.0,3412.0,1364510.0,3287.27392578125
2019-06-26,3481.0,3402.0,3402.0,3475.0,1965829.0,3347.97119140625
2019-06-27,3478.0,3388.0,3465.0,3436.0,1442369.0,3310.396728515625
2019-06-28,3503.0,3462.0,3470.0,3479.0,727549.0,3351.82470703125
2019-07-01,3565.0,3465.0,3500.0,3517.0,962027.0,3388.435791015625
2019-07-02,3540.0,3482.0,3540.0,3513.0,940419.0,3384.58203125
2019-07-03,3556.0,3519.0,3554.0,3524.0,789696.0,3395.179931640625
2019-07-04,3592.0,3517.0,3538.0,3578.0,363270.0,3447.2060546875
2019-07-05,3600.0,3554.0,3582.0,3587.0,693873.0,3455.876953125
2019-07-08,3595.0,3558.0,3590.0,3558.0,624270.0,3427.93701171875
2019-07-09,3553.0,3508.0,3547.0,3536.0,784844.0,3406.7412109375
2019-07-10,3544.0,3468.0,3523.0,3473.0,819950.0,3346.044189453125
2019-07-11,3508.0,3464.0,3475.0,3481.0,835752.0,3353.751708984375
2019-07-12,3536.0,3489.0,3490.0,3522.0,786626.0,3393.2529296875
2019-07-15,3580.0,3500.0,3513.0,3564.0,960666.0,3433.717529296875
2019-07-16,3623.0,3568.0,3575.0,3595.0,728739.0,3463.58447265625
2019-07-17,3615.0,3554.0,3587.0,3554.0,775978.0,3424.083251953125
2019-07-18,3536.0,3503.0,3533.0,3506.0,660052.0,3377.837646484375
2019-07-19,3526.0,3483.0,3501.0,3512.0,533956.0,3383.61865234375
2019-07-22,3508.0,3441.0,3488.0,3464.0,703700.0,3337.373046875
2019-07-23,3578.0,3473.0,3473.0,3565.0,1966026.0,3434.68115234375
2019-07-24,3590.0,3530.0,3563.0,3569.0,464262.0,3438.534912109375
2019-07-25,3627.0,3527.0,3620.0,3593.0,718698.0,3461.657470703125
2019-07-26,3665.0,3567.0,3573.0,3641.0,1082315.0,3507.903076171875
2019-07-29,3699.0,3634.0,3641.0,3689.0,632691.0,3554.148193359375
2019-07-30,3722.0,3689.14990234375,3699.0,3702.0,689946.0,3566.6728515625
2019-07-31,3725.0,3696.0,3710.0,3703.0,885427.0,3567.636474609375
2019-08-01,3752.0,3710.0,3719.0,3738.0,1413200.0,3601.35693359375
2019-08-02,3704.0,3601.0,3671.0,3611.0,663641.0,3478.99951171875
2019-08-05,3571.0,3500.0,3556.0,3519.0,970199.0,3390.362548828125
2019-08-06,3559.0,3499.0,3525.0,3499.0,1065401.0,3371.09375
2019-08-07,3581.0,3514.0,3514.0,3578.0,2599404.0,3447.2060546875
2019-08-08,3644.0,3562.0,3595.0,3634.0,739904.0,3501.15869140625
2019-08-09,3661.0,3616.0,3627.0,3618.0,459116.0,3485.74365234375
2019-08-12,3660.0,3584.0,3624.0,3584.0,472937.0,3452.986572265625
2019-08-13,3637.0,3553.0,3566.0,3609.0,1338775.0,3477.072509765625
2019-08-14,3633.199951171875,3529.0,3623.0,3539.0,575642.0,3409.631591796875
2019-08-15,3562.0,3466.0,3541.0,3475.0,586399.0,3347.97119140625
2019-08-16,3534.0,3479.0,3487.0,3524.0,419638.0,3395.179931640625
2019-08-19,3618.0,3542.300048828125,3553.0,3592.0,417849.0,3460.6943359375
2019-08-20,3611.0,3529.0,3588.0,3546.0,700935.0,3416.375732421875
2019-08-21,3609.0,3547.0,3547.0,3579.0,623031.0,3448.16943359375
2019-08-22,3572.0,3487.0,3569.0,3500.0,602942.0,3411.675048828125
2019-08-23,3557.0,3434.0,3509.0,3434.0,698336.0,3347.3408203125
2019-08-27,3432.0,3332.0,3360.0,3407.0,1916013.0,3321.022216796875
2019-08-28,3393.0,3325.0,3380.0,3366.0,776371.0,3281.056884765625
2019-08-29,3468.0,3376.0,3378.0,3462.0,709825.0,3374.634033203125
2019-08-30,3476.0,3445.0,3466.0,3448.0,632982.0,3360.9873046875
2019-09-02,3498.0,3448.0,3448.0,3498.0,533779.0,3409.7255859375
2019-09-03,3515.0,3404.0,3448.0,3410.0,561481.0,3323.9462890625
2019-09-04,3486.0,3423.0,3436.0,3470.0,465945.0,3382.43212890625
2019-09-05,3500.0,3424.719970703125,3460.0,3473.0,688871.0,3385.356689453125
2019-09-06,3528.0,3477.0,3484.0,3515.0,539013.0,3426.296630859375
2019-09-09,3623.0,3487.0,3544.0,3603.0,932589.0,3512.075927734375
2019-09-10,3771.0,3619.0,3621.0,3739.0,1181427.0,3644.643798828125
2019-09-11,3813.0,3728.0,3782.0,3802.0,964741.0,3706.05419921875
2019-09-12,3803.0,3741.0,3800.0,3747.0,723466.0,3701.115234375
2019-09-13,3864.0,3765.0,3766.0,3859.0,861304.0,3811.743896484375
2019-09-16,3791.0,3707.0,3775.0,3775.0,831920.0,3728.7724609375
2019-09-17,3750.0,3648.0,3721.0,3718.0,718576.0,3672.470458984375
2019-09-18,3748.0,3687.0,3732.0,3694.0,544694.0,3648.764404296875
2019-09-19,3710.0,3664.0,3687.0,3687.0,750665.0,3641.85009765625
2019-09-20,3705.0,3652.0,3680.0,3689.0,1437618.0,3643.825439453125
2019-09-23,3700.0,3592.0,3689.0,3618.0,1067487.0,3573.695068359375
2019-09-24,3709.0,3631.0,3660.0,3675.0,671907.0,3629.9970703125
2019-09-25,3676.0,3573.0,3648.0,3652.0,708392.0,3607.278564453125
2019-09-26,3705.0,3352.0,3679.0,3389.0,1787229.0,3347.499267578125
2019-09-27,3401.0,3293.0,3332.0,3367.0,1027590.0,3325.768798828125
2019-09-30,3396.0,3318.0,3353.0,3370.0,944331.0,3328.73193359375
2019-10-01,3412.0,3289.0,3390.0,3313.0,1410034.0,3272.429931640625
2019-10-02,3274.0,3186.0,3262.0,3186.0,1011829.0,3146.985107421875
2019-10-03,3180.0,3084.0,3175.0,3106.0,1103545.0,3067.96484375
2019-10-04,3167.0,3098.0,3106.0,3167.0,809042.0,3128.2177734375
2019-10-07,3179.0,3052.0,3080.0,3130.0,808184.0,3091.6708984375
2019-10-08,3146.0,3070.0,3144.0,3081.0,982660.0,3043.27099609375
2019-10-09,3138.0,3073.0,3076.0,3097.0,876113.0,3059.074951171875
2019-10-10,3180.0,3097.43994140625,3116.0,3146.0,883539.0,3107.47509765625
2019-10-11,3325.0,3104.0,3120.0,3119.0,1297865.0,3080.8056640625
2019-10-14,3325.0,3082.0,3135.0,3110.0,695063.0,3071.915771484375
2019-10-15,3159.0,3110.0,3140.0,3128.0,1944453.0,3089.6953125
2019-10-16,3153.0,3087.0,3114.0,3087.0,846440.0,3049.197509765625
2019-10-17,3097.0,3037.0,3086.0,3077.0,1337219.0,3039.31982421875
2019-10-18,3077.0,3037.0,3038.0,3060.0,632780.0,3022.528076171875
2019-10-21,3087.0,3044.0,3044.0,3062.0,1187422.0,3024.503662109375
2019-10-22,3100.0,3049.0,3074.0,3056.0,578018.0,3018.5771484375
2019-10-23,3121.0,3048.0,3050.0,3118.0,1115736.0,3079.81787109375
2019-10-24,3197.0,3135.0,3160.0,3158.0,614261.0,3119.328125
2019-10-25,3241.0,3173.0,3178.0,3229.0,640772.0,3189.45849609375
2019-10-28,3261.0,3173.409912109375,3240.0,3218.0,626996.0,3178.59326171875
2019-10-29,3246.0,3190.0,3201.0,3225.0,948656.0,3185.507568359375
2019-10-30,3248.0,3132.0,3209.0,3137.0,704872.0,3098.585205078125
2019-10-31,3152.0400390625,3084.0,3149.0,3092.0,639278.0,3054.13623046875
2019-11-01,3145.0,3094.0,3095.0,3128.0,510823.0,3089.6953125
2019-11-04,3192.0,3118.0,3118.0,3186.0,1652420.0,3146.985107421875
2019-11-05,3257.0,3204.0,3211.0,3243.0,586454.0,3203.287109375
2019-11-06,3256.0,3204.0,3240.0,3234.0,452023.0,3194.3974609375
2019-11-07,3294.0,3204.0,3231.0,3254.0,540835.0,3214.15234375
2019-11-08,3268.0,3209.0,3239.0,3237.0,674556.0,3197.360595703125
2019-11-11,3246.0,3186.0,3220.0,3238.0,601667.0,3198.348388671875
2019-11-12,3281.0,3235.0,3239.0,3248.0,2002968.0,3208.225830078125
2019-11-13,3225.0,3151.0,3218.0,3200.0,623727.0,3160.813720703125
2019-11-14,3252.0,3167.0,3183.0,3205.0,996230.0,3165.75244140625
2019-11-15,3259.0,3205.0,3239.0,3247.0,444112.0,3207.23828125
2019-11-18,3262.0,3206.0,3262.0,3221.0,365357.0,3181.556640625
2019-11-19,3254.949951171875,3208.0,3223.0,3220.0,440329.0,3180.56884765625
2019-11-20,3204.0,3134.0,3196.0,3161.0,786305.0,3122.291259765625
2019-11-21,3122.830078125,3055.0,3101.0,3094.0,649155.0,3094.0
2019-11-22,3188.0,3105.0,3118.0,3182.0,846290.0,3182.0
2019-11-25,3226.0,3183.0,3203.0,3212.0,600205.0,3212.0
2019-11-26,3259.0,3194.0,3216.0,3259.0,1253615.0,3259.0
2019-11-27,3289.0,3242.0,3248.0,3265.0,1479654.0,3265.0
2019-11-28,3275.0,3239.0,3241.0,3250.0,675695.0,3250.0
2019-11-29,3560.0,3228.0,3228.0,3253.0,661841.0,3253.0
2019-12-02,3284.090087890625,3219.0,3240.0,3232.0,556313.0,3232.0
2019-12-03,3217.0,3105.0,3213.0,3108.0,1080599.0,3108.0
2019-12-04,3132.0,3094.0,3098.0,3129.0,902651.0,3129.0
2019-12-05,3162.0,3113.0,3113.0,3153.0,742480.0,3153.0
2019-12-06,3216.0,3144.0,3144.0,3210.0,701307.0,3210.0
2019-12-09,3230.0,3190.0,3190.0,3230.0,431890.0,3230.0
2019-12-10,3241.0,3167.010009765625,3241.0,3201.0,740225.0,3201.0
2019-12-11,3256.0,3207.0,3207.0,3246.0,750174.0,3246.0
2019-12-12,3321.0,3238.0,3250.0,3306.0,1190724.0,3306.0
2019-12-13,3365.0,3279.0,3279.0,3312.0,769082.0,3312.0
2019-12-16,3385.0,3307.0,3308.0,3316.0,483016.0,3316.0
2019-12-17,3352.0,3304.0,3306.0,3352.0,489952.0,3352.0
2019-12-18,3374.0,3341.0,3341.0,3352.0,425045.0,3352.0
2019-12-19,3369.0,3305.0,3350.0,3358.0,940879.0,3358.0
2019-12-20,3650.0,3334.0,3373.0,3587.0,1327786.0,3587.0
2019-12-23,3672.0,3569.0,3578.0,3672.0,914238.0,3672.0
2019-12-24,3732.0,3682.0,3701.0,3712.0,289245.0,3712.0
2019-12-27,3727.0,3659.0,3701.0,3677.0,605225.0,3677.0
2019-12-30,3696.510009765625,3641.0,3674.0,3652.0,730199.0,3652.0
